Year,CrimeType,Barking and Dagenham,Barnet,Bexley,Brent,Bromley,Camden,Croydon,Ealing,Enfield,Greenwich,Hackney,Hammersmith and Fulham,Haringey,Harrow,Havering,Hillingdon,Hounslow,Islington,Kensington and Chelsea,Kingston upon Thames,Lambeth,Lewisham,Merton,Newham,Redbridge,Richmond upon Thames,Southwark,Sutton,Tower Hamlets,Waltham Forest,Wandsworth,Westminster,Inner London,Outer London
1999-00,All recorded offences,120.4538179311,97.9618399268,95.0988236809,127.7404088093,89.772195509,241.0488255449,113.661139653,128.1612694043,104.8212341098,141.3549639908,195.9294177922,178.044498674,155.9075581422,80.6939574525,83.2343871837,107.2461875594,144.807697692,218.6868658126,208.4196698222,100.33355479,195.6846827601,118.3652271184,90.8452302472,159.3858230395,103.2090636522,89.7315692607,176.4513643168,80.7972125436,176.0711498809,122.2987736195,134.4599197638,463.0006394234,195.5163673749,107.1242343062
2000-01,All recorded offences,123.574527283,95.6761583867,96.343676989,122.7160354036,88.5218256992,238.4515787005,105.3760609859,126.7273384368,101.8620850117,131.3433253435,188.0313303603,171.7591381628,149.1914758125,81.4436144878,87.7716630911,108.7344608415,135.2110314766,202.2355666509,198.5891724481,96.8247719374,188.6841364599,110.3266086487,88.0411910986,157.970855078,105.1661747294,84.91209808,160.0428923023,77.2252541762,177.9001993578,116.4548839563,129.8343263789,424.3681226397,186.7873533529,104.515291093
2001-02,All recorded offences,123.9813104422,101.0200919617,96.9111845564,123.4181440546,96.6787973722,262.1503008881,111.753682351,127.3382887046,106.0389661913,133.3348661823,191.8927265182,174.0940167912,170.2184396907,86.7294471635,97.3135098813,118.3717673116,138.5755824721,209.6640224765,182.5227035925,92.6632896105,208.8436269991,114.0538500252,92.8646928929,162.8476691084,115.7577937352,92.1169633586,178.0477733803,84.640776806,185.3548162514,136.297097043,131.4371720235,424.2877307221,195.4689398907,110.0649603812
2002-03,All recorded offences,122.5917755189,107.1214654721,90.1411535987,124.2704847872,102.053473917,264.2029298139,115.1349820372,129.8238919681,107.0081390586,140.8820820315,186.1339299681,174.4472030188,173.8152302717,92.1793760832,95.6970327121,118.2451439511,151.423776327,218.8842869674,194.8457824412,95.7618850323,198.4610369871,113.3910479299,93.8282229837,161.2217077585,117.6429650432,95.8384870127,179.3427999485,82.6800540645,198.6369191087,144.1798941799,131.6906557252,413.9884670831,196.1553455419,112.90959724
2003-04,All recorded offences,133.2290475904,112.764992138,92.4660024725,133.5591805399,104.0124069395,249.7674464148,110.2736076256,123.0964467005,106.4381641741,139.7529235008,183.776276453,167.0456533147,163.567038622,86.2310974697,98.4026495241,118.3169793674,140.4909052278,225.6286657195,180.7548950795,108.9569289766,183.460386855,125.337387273,98.9867827447,158.5136443112,114.9418783244,87.1758982289,181.3024502237,89.1171586665,187.8160181355,137.92918814,121.2557978239,375.7943973954,188.5944863024,113.0280896053
2004-05,All recorded offences,129.4728579192,117.0352430936,85.3669025018,132.6029030876,103.465441446,219.1172995211,103.8281514175,117.4497618303,99.6786161004,137.2683656851,170.8578946629,157.7087800654,156.9862941114,83.7252100413,94.9244581851,111.785307872,127.178271965,209.8976392322,161.7597374391,103.8694515243,166.9352662782,137.9770652195,91.478391598,143.2984585393,105.2079397365,85.437672883,170.1450300672,93.5536240847,172.0497835703,131.0699460449,113.5653141432,369.7758637565,177.4882095207,108.7962809217
2005-06,All recorded offences,132.6838069463,106.4630076845,89.9811593095,129.697090489,102.8418180422,200.0871674373,102.8131378078,119.2394508495,96.4712987966,136.0295712687,159.9449453148,149.233663412,154.2584975858,79.0605538445,95.9161196528,112.862426918,121.6975904476,201.9326673098,146.8804751299,99.292407977,151.1706649377,130.9653630408,90.7688513666,153.7443163461,98.1038320878,82.0404610265,158.2515631505,88.2852012323,158.1951617287,132.9367091957,106.3803494699,320.8056217844,166.0946998493,106.7415964319
2006-07,All recorded offences,127.9276368923,90.4471268225,76.1241490505,110.2117871713,94.443503022,201.0832480382,92.5542445418,116.4942012945,94.1380306093,127.4798068294,141.5122188262,145.0350651209,131.2110269584,70.8172354583,87.6300405788,110.6345843145,107.3310363571,190.2387159103,147.2238191776,85.2818106685,138.5549899474,124.6239960306,83.5134012051,137.976076963,96.427872765,73.4604426912,148.4304044432,84.2510471233,149.391025641,125.3711031461,104.4696700958,297.3894780302,155.3218248168,98.1661858162
2007-08,All recorded offences,115.5764327254,79.5760325173,74.8402893712,99.2893780911,83.2548533664,167.3506051437,88.9082025062,106.577002614,86.6965774146,129.4396178155,143.6252672844,131.5732807471,124.5264851579,62.176669391,74.8512766059,102.7274389935,101.1890993515,160.2451281834,144.1832480983,79.4640256336,125.8229109642,118.8990305833,77.3447956347,133.1205287568,86.7193660685,66.1820733359,146.8275219532,72.4315049898,137.1447851508,109.2695139287,93.6693659072,289.7937167696,144.70608731,89.8747916715
2008-09,All recorded offences,115.8989168,77.7507871184,71.3472636465,93.547289284,86.4025078041,162.5268103846,93.8684484753,101.0641252754,82.4796683734,119.6130937484,128.6048796534,129.4723527286,111.9983310085,65.5451349715,77.7417782245,97.3756085976,99.8205181016,152.9655524262,135.1896616414,72.3977260346,121.6978064927,118.3941945458,77.3311412802,121.235686022,91.9563612254,64.9712726935,141.7683312092,74.4162272678,119.494766983,108.3858602715,85.2448989993,289.6150873679,136.8047304991,88.7095053353
2009-10,All recorded offences,111.7411870706,75.9710724086,67.7241766237,97.4312185108,77.4817218595,158.6152805696,94.1425262854,101.9923264821,80.9978441638,105.1495452904,121.3792462239,126.9570721091,103.0523808571,65.9200411144,73.2636560499,90.9604200779,95.0913439018,144.542053034,128.9926062276,70.0032420681,120.5849345349,109.2863640734,74.8980498244,119.5997863479,88.8716327398,62.5237263685,131.7871371656,69.2629419611,112.2268654234,109.8815184976,85.0818615186,295.0594524841,131.8335001386,85.8751537217
2010-11,All recorded offences,104.8851989193,73.130964779,59.5506932916,96.7632921568,71.3994036816,159.2967749447,90.2134649715,104.8573216034,76.8963230705,96.8411251711,115.8935877124,133.5475166167,97.2849783574,63.0572202265,74.4219714351,87.3397287217,95.712497392,140.2895132639,131.9992770919,70.2813776411,119.8454560726,105.949912852,73.9243532058,114.8540466823,89.1314779271,62.9830814153,127.7481966474,65.5394805648,115.2905198777,108.4174182805,81.6965170841,294.6585200772,129.8180049996,83.4204036938
2011-12,All recorded offences,100.6528399339,73.5054735441,52.2738793852,101.1769603997,70.5287969242,162.6584032678,89.8400559188,96.0025227371,73.0342268304,87.7357788972,112.8803877305,128.4003398284,101.3970415591,58.9150058836,72.7197837992,86.8859778075,97.1572254018,131.0080713576,131.2219196087,70.0092248623,121.4952657144,98.1158237584,70.5933390844,103.1082909231,86.2026688463,64.0547761122,119.4075859752,61.4054823334,115.0414824305,95.7719583279,79.2694420071,302.0056288767,127.0058763964,80.5729246943
2012-13,All recorded offences,90.470193115,69.6897427162,52.6526970901,86.6331913812,64.4766842018,145.980209991,84.3322869396,88.0703083033,70.9799014772,81.1710783334,110.2812560735,121.1120378093,90.2893647262,55.5456994682,68.6513746543,73.2406763299,86.8898908327,132.032201358,133.6433014814,62.2185887033,112.5467440361,87.822671156,66.1441463716,100.9793558411,78.7690123921,62.4018610061,111.5627022792,57.7803026391,110.576685437,93.2260841084,82.5300345105,277.023827605,120.2904016996,74.3953997709
2013-14,All recorded offences,82.8599654236,61.5679729495,50.0111962212,77.1471077714,61.1672260687,124.700177173,75.658883118,75.5808860885,70.6062572537,74.3538074604,101.1387875468,106.2484260011,83.8085547447,50.2769422941,62.4876074025,67.1813002517,74.9522688038,114.0786490284,115.525020245,55.6857901711,104.7695724951,78.0173317492,57.0604705176,90.9727961487,69.5315535328,54.963028767,104.5184678889,53.0896209561,99.450327971,83.1348736065,71.62593876,238.2902561706,107.0752926602,67.1465236739
2014-15,All recorded offences,81.8733799308,61.8593547871,51.1954641152,78.254281991,63.6022385598,121.0495388467,76.5982342304,75.8247154491,68.7300892863,78.2460789495,97.6857305719,113.5817004457,89.0480337593,50.0628020698,62.4374933936,75.2297652807,78.4168273286,118.6354793467,120.5967091363,57.5083255863,103.7817080222,75.7331305471,59.769550156,89.3741405147,68.6833529542,55.7274582225,99.5907952059,55.3867584564,96.2906888721,77.5389896276,72.3477870861,206.9466591225,104.7618206208,68.1399345211
2015-16,All recorded offences,86.5287975483,65.7850725985,52.2172939845,80.6389886794,65.0655519198,125.2183075513,76.3816152241,78.7969416339,69.8529075945,79.8754016514,101.1453148408,114.3414525389,95.3735194089,53.3079755594,67.6516048738,73.7971686231,81.5790452804,123.60557244,124.6774162868,58.5218268261,107.8750181086,83.1144370638,63.2219587906,90.3920172347,66.1639593926,55.0968006984,101.7219109035,54.7053386295,97.3864975816,80.3886860641,74.0500534107,203.0714117681,107.775561353,69.8554594643
2016-17,All recorded offences,70.8999321903,55.8144233235,45.6079424743,70.7896933472,52.7487924035,103.1354978654,67.4253996819,69.0101283232,58.5434300457,71.5705267974,91.1540402009,98.1275117726,85.8104298422,45.4629510516,58.073525514,63.4606292835,71.3250399242,99.8604341571,109.783954162,49.6232404163,90.8389497118,68.4208608427,53.5192582513,77.1486723484,56.6852353725,49.9371955516,87.8894589478,45.0103847295,85.3031287108,64.8883604079,65.8312664507,171.2907993894,92.3145534612,59.8442991656
1999-00,Violence Against the Person,19.7606559799,13.5388188306,14.4901544206,20.7708294118,10.9324453547,28.1153455472,17.707323243,22.00812567,14.8131308872,29.3823762302,33.4275969802,29.1532303248,22.3006144794,11.2645436225,11.7893598923,15.1518242992,24.2652754575,29.9060421018,22.3052858246,16.5887002322,30.8938336013,20.1789780672,15.7082491273,30.1849765297,15.2054690978,12.0440786656,30.1751441379,11.7797909408,27.8284506504,20.6507823774,20.0703958822,48.0730105214,28.3275336312,16.7303476838
2000-01,Violence Against the Person,21.9899568621,14.4845843995,14.6719276508,21.796976731,12.8675287911,27.1544649138,18.9294550938,21.125603706,17.4429595591,29.4164280585,31.0746824925,26.5522254597,23.6621255885,11.7878286485,12.3789092169,16.6482995881,25.31539461,30.6040977892,21.4275091975,16.935002172,29.271038559,21.1458672146,15.5795022211,29.9189694577,15.6461053579,11.5139949109,29.4469108837,11.3915283819,30.2587593148,21.7084809486,18.1624610097,43.1753173383,27.5591463517,17.518536077
2001-02,Violence Against the Person,23.7905513902,15.1558308632,15.2635115676,21.096357837,12.9735532614,27.0182211318,18.5191816467,22.266626746,18.3109360686,28.773107698,32.3383804754,25.2872341682,22.9965062305,12.6544914399,14.3513841854,19.4042733372,26.8455754343,31.5909179595,18.8842101369,17.8939246536,30.1128133093,21.6288688978,16.4986970582,30.2713192281,15.3828345591,12.1334855517,30.2284271869,13.5070345694,31.7768163509,22.3993874288,18.4071656203,42.9550137954,27.7840437158,18.2750365895
2002-03,Violence Against the Person,26.4010531568,16.3655194789,16.2237647349,23.3333703881,15.9370070247,28.5186202028,22.7837156955,23.0984148337,19.9219932679,31.1184959093,32.2808481188,25.1353284222,24.261161649,13.3138045362,17.3336177095,20.1689447631,32.7818966471,35.2380106375,21.1869838305,19.0922334639,33.5151131149,22.5063273175,18.1569156333,31.7139477127,18.6881071588,14.5177011075,32.0795726366,16.9089454666,36.410006231,24.2519305019,19.4749688088,47.5636713119,29.8108943061,20.560673493
2003-04,Violence Against the Person,29.4928103002,18.0763326518,18.4122972875,27.4706230923,16.8341446512,31.4265571298,23.6485581346,23.2061484934,18.2447176539,30.5613389032,33.6197358819,24.9956270771,24.3748527954,13.3721365474,17.4119193067,21.0518677385,32.0834372604,36.5231427482,20.4395285234,23.0286672501,34.8096034093,26.4511621999,19.0968737123,32.0422755089,18.923900215,14.0928536759,34.9158837495,17.730750771,37.0187538042,26.7808937376,19.2755068129,45.2966461146,30.7724896785,21.493670064
2004-05,Violence Against the Person,31.5439888896,22.188723075,18.690277344,34.043266812,19.3806402137,36.924679634,25.5210094502,25.8294014635,18.3901040689,34.6406091817,34.1275675271,26.8591319305,27.9328128864,14.0613223469,18.5632217001,23.808662155,30.8603718556,42.1222024985,19.7403349583,23.3027705141,35.7796559494,31.1263393476,20.1156118322,31.3519419574,18.8524524267,14.3325600071,36.2983320182,19.6306890344,37.3897723936,27.7375312219,21.1689966441,48.7236491935,32.9279484429,23.3365612695
2005-06,Violence Against the Person,31.8027364306,19.5181671913,19.663565522,30.4607310133,18.3654453094,34.9143485182,22.8961929144,25.1875155863,18.4564170813,33.4629100974,34.5061705587,29.0896290654,30.1913456128,13.6946031143,18.3796643024,24.9015630593,28.751966252,38.1628214981,19.7475872309,21.2474342412,32.3859952453,33.1973482917,19.2252194582,33.1838706373,15.8053744633,12.9195407365,34.6242136503,17.3583082102,34.9373424188,30.126087666,21.6750403384,42.3292042379,32.1641718362,22.2553415077
2006-07,Violence Against the Person,30.8093588662,16.6625856633,16.7592260838,22.4806874403,18.9292371488,31.2085370939,19.8003225153,24.2318340527,18.5854593656,31.992820206,32.4624306858,28.9337340776,24.2351205537,12.8335837447,15.946677885,23.2362502801,24.1182504405,33.9426714809,21.7676782959,19.5422569582,29.7443356005,31.2509690824,17.4579264492,29.3727761111,16.9138072695,11.6261231646,31.5264639156,16.3438720049,35.38003663,26.2296787168,19.639143348,37.7598966023,29.6126328324,20.2464977849
2007-08,Violence Against the Person,29.3023173264,15.6494055316,14.3706176962,20.9338694475,16.6741016109,27.4158472012,18.5158809286,24.2318880601,14.5300376628,30.7354091361,31.419280114,28.2367741058,22.6949276372,11.3803538689,13.5907288861,22.888851705,22.9252872086,28.4357174664,19.4495435374,16.6682849468,26.894625286,32.0688546181,18.8922063214,28.9614510769,16.2945011829,10.5799222677,32.513406645,13.8944693605,29.7490355204,23.0114781576,17.9865495471,38.2378670921,27.9586269337,18.7275251361
2008-09,Violence Against the Person,30.5766242201,15.2824782142,15.2568695621,22.2928075187,18.2806064899,28.6009140498,19.8363621789,23.5848183148,14.2447460522,28.1128518278,27.9777182405,27.8900885435,21.7296151911,13.6169397169,13.5077418214,23.512646954,23.3200368211,30.0173357142,19.3567434909,14.0424413723,27.0850770944,33.0196466898,19.1157924834,25.8935611513,15.6563145126,10.9989230677,32.1944738296,14.2472829011,26.1715532595,23.1724343035,17.3391549583,39.1909380673,27.3119028333,18.9778813571
2009-10,Violence Against the Person,29.3501520441,14.0416217263,16.6428515074,23.534305208,17.4049601856,27.3196069959,20.0389496631,24.3903917373,15.3557791973,25.1485603598,28.0658603173,26.1942303849,20.4319369108,14.8354354483,14.4835922384,22.0917320686,23.0188276094,29.7401171303,18.3948657447,14.3795253867,26.5158986567,28.2710470457,17.0741309,26.0920868433,15.8892155231,12.1479006909,31.4812179852,14.0832345735,25.7593712967,23.5310711695,17.5047687132,40.7180385289,26.5263481637,18.9472112335
2010-11,Violence Against the Person,24.480687822,12.6053528645,13.2720156386,23.2688616566,15.6987295826,27.3652346024,18.5192945403,24.2791246225,14.3898221344,21.836409534,24.6050492473,27.0567677862,19.3557066099,13.7207255392,15.6624363978,21.0936485258,22.7936574171,29.5509396439,18.4092282956,14.0562755282,25.8222744835,25.1499862398,14.4172826611,23.4180451982,15.0279183389,11.4758673995,27.1410297522,12.0060637753,25.3621438918,21.4756170057,16.0828762144,40.2464235889,25.0472726541,17.6023803033
2011-12,Violence Against the Person,22.0233225863,11.6183454626,11.6894498526,23.3374433538,14.7285174237,25.1945821425,18.3133917191,21.0365620045,13.1778871422,20.7724192999,21.8422053386,23.8153964208,18.3572043516,11.9127314459,13.798349914,19.4882740046,21.7944744966,24.6067334028,17.3900954812,13.7874292553,23.3577793031,22.5826719338,12.6356940905,20.6822134897,13.7813393984,10.5904749716,22.9047821916,12.7875765868,22.7294033092,18.9649729347,13.2917357252,37.7398876046,22.3393154551,16.3542236473
2012-13,Violence Against the Person,19.736565911,11.2019035268,12.1312497065,19.68156105,13.0558279942,22.3593317983,17.6775480772,20.368625448,13.6784677595,20.3408339357,22.6044050627,23.7364470392,18.1567482388,11.8534349381,13.8362261349,17.2844588935,20.1388138289,25.5582879643,17.3026357981,13.4955401267,22.0083816892,20.4755004333,12.5652120163,20.5613784847,14.4896474912,10.8488196886,22.1510578135,13.2675721737,23.2506853534,18.9742769437,13.346869405,31.4306390658,21.4945842683,15.6905618941
2013-14,Violence Against the Person,21.6102741418,12.3466490376,11.7116698425,20.20399415,13.9258066241,20.1898841628,17.5907842211,18.3477666762,14.8631615729,20.4955910427,23.5139619005,22.6320060442,18.326714404,13.1403776934,14.1977858559,17.5554207374,19.9232489987,23.800581452,17.0893479183,12.3086700281,23.3673410938,22.0979802921,12.4690610807,21.0950045094,15.8079869013,10.1324693648,21.4464726064,13.0006023051,24.3504708857,20.368928167,13.6643522395,32.2781155082,21.6895052464,16.0052051752
2014-15,Violence Against the Person,26.077440568,16.2170091887,15.0501323661,25.1650756636,18.5695877091,25.7956277731,23.704925008,23.065141267,19.3730859527,25.4468173799,28.873266198,28.7276091161,24.8896430827,15.1415993594,17.0709099336,23.6769278076,23.9825581395,31.1450934262,25.712273513,15.5450170042,30.0676270206,25.3414310818,15.9742525121,25.3050980199,19.9450615072,13.1931709585,27.5733957387,16.8926080329,28.3470943436,24.1101410343,19.0872831537,38.6039812767,27.3493626414,20.2512758033
2015-16,Violence Against the Person,30.1863064972,18.8706079417,17.0767566139,27.0915892004,20.5413458845,31.1417536786,26.6046840496,26.9428873751,21.2950586573,29.5266063325,31.5008048058,33.1140962042,28.9484871584,17.5332820783,21.7797137523,25.0927838514,27.4249358187,34.1689650932,29.040460082,17.9224895548,32.8883491405,29.247456487,20.0914134872,29.4456112518,20.9101966691,15.411082011,29.5466832416,19.0711733993,31.0869948109,26.614300992,22.5055954016,42.3072319737,30.8122732973,22.9434670312
2016-17,Violence Against the Person,24.6682166037,16.8771999803,15.754208204,23.9387791162,17.2076760001,26.2530414614,23.551937725,23.281157123,18.9049321806,26.0217467455,27.8693798761,28.766406537,26.4139830706,14.4360648357,20.2505706476,21.3541132869,23.143111098,28.0505872501,25.5860546431,15.6609334098,27.4160592846,24.6267395906,16.6464256276,23.7845256879,17.8446711601,13.6433728542,25.2823068549,15.4880822866,27.1474213886,22.2699144078,18.3963099818,39.0042566252,26.4505095278,19.8513049044
1999-00,Sexual Offences,1.1450099727,0.7783863795,0.7127813187,1.2945754599,0.5628988613,1.5526070641,0.9094577584,1.1910591162,0.8103222589,1.6449228913,1.8936444871,1.5189810376,1.9720075586,0.7358988788,0.6424115687,0.9140879728,1.3345901502,1.9007836464,1.2324110565,0.7945042225,1.9938759524,1.5740481803,0.7024672812,1.4427254622,0.7558642468,0.7755437488,1.8357655546,0.7135888502,1.6433514033,1.1173588712,1.0521535084,3.3450825173,1.7522710451,0.922738847
2000-01,Sexual Offences,1.2813237905,0.6966787424,0.8641303602,1.2795108419,0.6298316724,1.6210099198,1.172806448,1.1302033709,0.9306789594,1.5995299341,1.8241625324,1.3504224632,1.9604721508,0.5881959123,0.7017824386,0.8417679567,1.1409624134,1.4843802712,0.8987398245,0.8145091225,2.0775623269,1.4755698,0.6270058875,1.3606938724,0.8087781613,0.5436039787,1.7568433798,0.5374407846,1.9428507657,1.116152122,1.0870580325,2.6313378597,1.6567146141,0.9210781353
2001-02,Sexual Offences,1.2737392396,0.7668687653,1.0148246685,1.2387805059,0.7832069624,2.0536415112,1.1458855547,1.113005897,1.0675668852,1.6600754162,1.7853179313,1.2929965638,2.2237187629,0.5617870541,0.7698571982,1.0911341281,1.2918102011,1.9343653665,1.1775658296,1.0265356101,1.9899623956,1.5294728234,0.9785145417,1.7360902286,0.9921742258,0.6425297313,1.7061921531,0.633744992,1.7255955045,1.3377474495,1.3395058548,3.7968022269,1.8612459016,1.0237444175
2002-03,Sexual Offences,1.5088033566,0.9109286481,0.9309839679,1.0634710658,0.8089851282,1.7306296943,1.273049804,1.1609031115,1.0650234198,1.6660947462,1.753878679,1.5233532377,2.2764329054,0.6263657599,0.79092129,1.1171239724,1.4200877872,2.3595642856,1.8678239851,1.0023923765,2.1388729165,1.8094945242,0.9340840991,1.6961634584,0.9456632538,0.5927918788,1.7832824103,0.7447659504,2.1687573359,1.287001287,1.3385858277,3.3733781836,1.9644245108,1.0497691801
2003-04,Sexual Offences,1.4138740148,0.8265952356,0.7226747146,1.3938424958,0.7838440655,2.0807426048,1.1431327195,1.1521933867,1.1034825341,1.7030534589,1.9538146465,1.5625911026,2.2175116764,0.6456804911,0.8035587441,1.0763785305,1.3164093895,2.3383213838,1.6034562045,1.0822872337,1.8038538548,1.4924425251,0.8346628068,1.8889721494,0.9498326678,0.5700353309,1.9589252552,0.7447577331,1.7828814623,1.2002766437,1.242648865,3.2605244326,1.9147418911,1.0297460953
2004-05,Sexual Offences,1.4733409818,1.1707540088,1.1542796616,1.1105521084,1.0359661898,2.5802904394,1.2190998238,1.251318238,0.8752130453,1.5493639685,2.1256572448,1.3133197352,1.8677805645,0.8924153939,0.7042596636,1.0776425363,1.3306598615,2.0350493002,1.9185288865,1.198239052,2.1949814411,1.6121685053,1.1434137252,1.7647012585,1.1295392605,0.9703756581,1.8619512783,0.9387389974,1.9417107893,1.0622127803,1.1951976742,3.5981114576,1.9808553893,1.1191506941
2005-06,Sexual Offences,1.551646369,0.9433933462,0.8948203839,1.1773867919,0.9785552784,2.1744485712,1.0381888324,1.0422861235,1.0288679994,1.6052478589,2.1384496009,1.2868453247,1.8493398642,0.7055343744,0.938367329,1.201129539,1.2691262691,1.8857949498,1.2531551596,1.1541816131,2.0783805201,1.4906052642,1.0703997733,1.5327149938,0.8228653204,0.7658064658,1.7455339921,1.0433655678,1.8792587941,1.2260360666,1.1580735024,3.3074592618,1.8247928339,1.0670849663
2006-07,Sexual Offences,1.5733711421,0.9099126061,0.8106413472,1.2151722941,0.8672162359,1.6063914477,1.0398033186,1.011641809,0.8384679347,1.5428009744,1.7484661184,1.1965078002,1.2694382736,0.8943263934,0.6441774249,1.0024097143,1.2010906254,1.5867618724,1.2163756846,0.9891518673,1.6683064551,1.5931714578,0.919384999,1.3953812879,0.7981532924,0.7067718606,1.7005976386,0.7600529303,1.8452380952,1.0401723219,1.1894080087,2.5669908315,1.5837868394,0.9839078764
2007-08,Sexual Offences,1.7038294751,0.803375971,0.6811352254,1.2108460743,0.8062783974,1.1346444781,1.0813041924,0.963376021,0.8438123855,1.3697761431,1.6705274412,1.3996554694,1.2500369521,0.7421969915,0.5744400298,0.9728345675,1.143694261,1.4472317055,0.945463922,0.9709680552,1.4493058772,1.4166041319,1.0398435087,1.2768274593,0.7693343335,0.8167919264,1.2728059686,0.8361657997,1.5715801484,0.9080686568,1.1769146308,2.5111164496,1.4207638734,0.9505203949
2008-09,Sexual Offences,1.188736576,0.728158202,0.6044508762,0.9865899395,0.7377823247,0.9368772976,1.136532802,0.9690700014,0.8472211483,1.3222216661,1.8178591679,1.3100831225,1.1290236809,0.7013203117,0.7679265552,0.85423921,1.0760507257,1.4160102869,1.0456455016,0.7242336262,1.6982215366,1.3920782866,1.0977284679,1.1827342501,1.017133041,0.6450660646,1.4983409935,1.0115140428,1.3281987813,0.9458979422,1.1416727545,2.5243171311,1.4183572519,0.9152279608
2009-10,Sexual Offences,1.5035476968,0.9195295941,0.7758189931,1.0499198304,0.9122779581,1.4324359865,1.278478752,1.0243479631,1.1358706631,1.6333431826,1.9482550228,1.2047791423,1.3890834851,0.8779631255,0.9396609532,1.1217134361,1.1546395141,1.3573694485,0.9574224951,0.9471924326,1.9010372386,1.3793460494,0.9337021036,1.6093727635,0.8504816314,0.7375511134,1.671883893,1.0363134875,1.3971184432,1.249294753,1.1224431847,2.3642732049,1.5313969882,1.0594399028
2010-11,Sexual Offences,1.4329625133,0.8621719905,0.7585247344,1.1188214643,0.7810474462,1.6253347305,1.3186162352,1.1284958677,1.0694039942,1.7096692633,1.7125908521,1.3879519138,1.5114227157,0.7243599732,0.931280002,1.0724955003,1.2277520101,1.5040299007,1.0532022959,1.1219807372,1.8209306232,1.3650123842,1.064599068,1.5676653152,0.8288256849,0.7407248368,1.7689946683,0.9349200564,1.5290519878,1.1416918298,1.1830017844,2.4863366592,1.5817310535,1.0520134197
2011-12,Sexual Offences,1.4703602115,0.8306809346,0.7260261026,1.0920911464,0.8243332883,1.7129589662,1.3266998342,1.196531826,0.866421393,1.4208381771,1.5009183517,1.1126640905,1.2992095171,0.706863646,0.811173175,0.9437420825,1.0944309547,1.376736069,1.1311144953,1.0346804956,1.6716970845,1.5707486874,0.9125225014,1.391483605,1.0234723431,0.8958709946,1.7456540488,1.0726076924,1.6796087683,1.2242917972,1.0854375873,2.7643431611,1.541759562,1.0261307737
2012-13,Sexual Offences,1.3539042821,0.8242754619,0.7598038169,1.2044746711,0.7610592416,1.4713596074,1.2849498219,1.1007687769,0.9644265287,1.2727440516,1.49532562,1.4567695302,1.3904338154,0.8334124112,0.763349226,0.9795709763,1.2584346,1.3883163466,1.3146924902,0.9944724415,1.5796260477,1.4846069698,0.8900976635,1.2417060404,0.8924273673,0.8141901716,1.44789289,1.0793781955,1.467663867,1.0321214476,1.0735877942,2.1710191282,1.4471987085,1.0068873644
2013-14,Sexual Offences,1.5435910101,0.964539622,1.0435723128,1.1536133945,0.9751524855,1.5236005729,1.4889256127,1.4044041647,1.1106812594,1.3257174025,1.693999899,1.5949855892,1.3820020806,0.899857009,0.8881361533,1.0983033828,1.2918862683,1.5394102946,1.4203632531,0.8993183167,1.7725192686,1.6563002306,1.1366823637,1.6906170752,1.1794416385,0.7263606198,1.6551409885,1.1229416989,1.5757264832,1.5086701505,1.2141081297,2.6229826178,1.6348677445,1.1591984959
2014-15,Sexual Offences,2.0323358246,1.1442593655,1.1589852625,1.5244947968,1.2263522557,2.0353763743,1.8375704712,1.5140974751,1.4634567156,1.8014128436,2.1090632719,1.9510554201,1.883823414,1.1178361943,1.7888069471,1.3802999761,1.9053500422,2.0223499073,2.1704334464,1.3356240954,2.3820298162,2.0449897751,1.0122104022,1.9733474757,1.6549794407,1.0899604825,2.131963588,1.4535617309,1.9858106086,1.6304753377,1.4736740938,3.6177837217,2.1141723762,1.4855044707
2015-16,Sexual Offences,2.0447670302,1.2694533186,1.2306828225,1.6264829698,1.2713286154,2.5678360899,1.9602618255,1.6323722742,1.5680519314,1.943210227,2.4088413399,2.2406777772,2.125601032,1.1168211063,1.4854366983,1.450954708,1.953343007,2.1125028547,1.9085542543,1.3715602939,2.6908649297,2.1188934667,1.5105223279,2.4818443769,1.7722789958,1.2735582602,2.1786915549,1.3740038472,2.0119497622,1.7737950363,1.9075232718,3.3801212551,2.3173576017,1.5696927228
2016-17,Sexual Offences,1.9180470793,1.2018141177,1.2992319006,1.5232106844,1.1655332544,2.006653641,1.786536369,1.3840487651,1.3518610721,1.6906986553,2.2081995861,2.0316831242,1.9213434321,0.9768765678,1.2500840642,0.0760403477,1.4863225135,1.9796878019,2.8648724526,1.6580828701,0.6709158001,2.4282217003,2.8288681113,0.7038577269,2.0350945199,2.1649663511,0.8045386195,3.1945405993,0.8069436517,2.1751503573,1.3413646487,2.2535074753,1.5813127985,1.5734387414
1999-00,Robbery,3.1641673438,2.7945347068,1.3289922652,7.7367209979,1.7565157239,8.6577580354,3.294525787,5.6310628218,3.7142825715,2.2199389163,12.2408796154,5.3102082996,9.1874505282,2.9195465324,1.0633019069,1.6363807013,2.6785130986,10.0217964113,5.6067931581,1.1986055081,12.7053373661,5.1016739243,1.7345538252,7.2177850214,2.7379082717,0.9260223866,8.1015763376,1.2710801394,8.2115892448,4.2658680793,4.6060101431,13.0421226742,8.4403478949,2.9051625229
2000-01,Robbery,4.4602270994,3.2965571403,1.9065733345,7.3260488026,2.3195413742,9.7158644876,4.6912257922,4.9610671223,4.2280454288,2.1871123588,11.1859023213,5.5415984866,10.6438627215,2.6731830485,1.7411311134,1.9193936018,3.3390614303,8.4958279918,6.407562346,1.6629561251,17.3722725051,6.1363077436,2.1095028587,8.5797044768,3.752063635,1.3647929678,8.5547193403,1.3297503948,8.9127644788,5.7886269973,5.3306935131,12.1998391677,9.2768175108,3.3765343499
2001-02,Robbery,5.1975804991,4.1786522516,2.2902124275,8.7493509384,3.0956930369,12.0404606871,6.2516412423,7.3679688619,4.6597851882,3.4489101444,14.5189774471,7.929198106,11.868872909,4.2467292567,2.4430728427,2.6260504202,4.8246101419,9.2481617954,7.3305014211,2.133583817,23.6490935429,7.7299320584,3.3175305851,9.6226710129,5.0476863737,2.0251160282,12.021253389,1.86817002,10.5276244468,9.702047159,7.1685643,13.5888141878,11.5444808743,4.5979993852
2002-03,Robbery,4.1236617636,3.3036761586,1.5470762996,6.6513260039,2.3662814999,8.6531484714,5.6288478452,5.8950595327,3.8184117259,3.1290072062,11.6893643849,7.3900075005,9.6492244091,2.8869339161,2.1283780782,2.3799597673,4.3985836008,9.2383881678,4.1079919671,2.0381978322,14.7120762083,6.414047039,3.5894018188,8.4220587429,4.4867832302,1.6586772761,8.6627723213,1.5226326097,8.6460481764,8.0035392535,6.5037811412,8.4190293128,8.7684798246,3.8196528204
2003-04,Robbery,4.8252211058,3.3623159583,1.7635081085,6.7344208286,2.9032507662,6.5310838466,5.272104287,4.7807911512,4.2968403499,4.8282903037,11.4921965114,6.6818261326,8.4567629662,2.9195987423,2.2730501492,2.0640666952,3.7875638574,7.7225413076,4.8043178353,1.9507893348,12.1163136722,7.636860155,3.0850827795,8.7501561134,4.8017072737,1.450485941,8.9914669216,1.9529202778,7.5149412176,7.3846016554,5.6858410276,6.8101360605,8.0567508797,3.8427544351
2004-05,Robbery,4.4622909245,3.740852519,1.8196879371,7.7664113887,2.4520108844,6.3422092109,4.4374047115,5.0471985629,4.0500749423,5.1586777587,9.0176560649,8.0542528896,6.3142463528,3.2321158568,1.9577532788,2.3844851643,3.2446226759,6.8793514386,4.7782228872,1.7013670517,11.0150148398,7.0626448278,2.429754166,7.6208368378,4.9884634246,2.0969037209,9.3525151891,1.2755806377,6.9001771219,7.9821512698,5.2940437521,7.0144530358,7.4347236816,3.8405355274
2005-06,Robbery,4.6609532401,3.7430428557,2.1268846311,8.6919934007,3.0091409754,5.9690745092,5.4416431698,6.4327597562,5.1057135533,5.3320259963,8.5722731304,7.4152297856,8.8279808611,3.8985296845,2.0221155117,3.4840711132,3.7582225082,7.6957874829,5.3808463252,2.2099954751,10.7989337944,9.0377750755,3.2794110702,9.8542935721,5.2830338687,2.5067765608,11.3860762153,2.2569644652,7.8497717708,10.549202415,5.8892274449,7.0675653873,8.267366644,4.5719373752
2006-07,Robbery,4.8158318228,3.2134122932,2.0064493013,7.7539565431,3.704774341,7.5675726904,5.3723171459,7.4810753213,5.2430339319,6.3207829394,7.6523776868,6.7096035494,8.3456989201,3.4386849825,2.4058054847,3.8288120069,3.8092983702,8.030958048,4.7626251929,1.9652885785,10.3770087408,10.2141284461,3.1061707875,9.7676690156,5.2936343362,2.2353714661,10.0727706286,2.2582867641,8.7362637363,8.4687363207,5.9957292601,7.880482343,8.3032575502,4.543683969
2007-08,Robbery,3.6620501565,2.858107079,1.7451307735,7.7134072079,2.5642296572,6.3020045386,4.8745890608,4.8608125622,4.4111492999,5.470649164,5.8490734141,4.856294483,6.3473160102,2.332619116,1.3577673431,3.0858312482,3.5810052516,6.3879641214,4.0458488608,1.8448393048,8.5203745034,6.3823759131,2.7746319366,8.8514185929,3.5581712923,1.5732837776,7.9999706558,2.057836611,6.0687854882,6.2419111875,4.772852045,7.4562934289,6.5679808787,3.665251252
2008-09,Robbery,4.3838285436,2.629623952,1.658930872,5.771723026,2.5904357178,4.7557223229,4.02796386,4.181814815,3.8427530653,4.4838747351,4.7740444337,3.8568395374,4.6551773508,2.3827466491,1.4711401984,3.0032445767,2.9381228799,5.705688509,3.1307856488,1.7496971678,7.5434239743,5.1668242604,2.7724025957,6.1704728767,3.8990099905,1.2518654983,6.9140313316,1.8616162703,4.6098847313,6.1297491099,3.9482849425,8.5104242408,5.4564693915,3.3283705668
2009-10,Robbery,4.6964748282,2.8077460248,1.2579663899,6.2458489591,1.9418487964,5.2084311773,4.5951531198,4.3822696884,4.3878385673,3.4841918645,4.6234077981,4.1584312332,4.3353815976,2.0000428275,1.4778304083,2.623604916,2.6503291339,5.0380266797,3.3973056278,1.6846039909,8.2162897466,4.8258621837,2.7960592724,7.9107129766,3.3834377947,1.2364827489,7.327831531,1.7962767116,3.8836566249,6.6535020553,4.3194018981,7.9223891603,5.6052320178,3.3062261748
2010-11,Robbery,5.1247552478,2.7430158378,1.3783478031,6.6309037518,2.1130412237,5.8865991384,4.6375062509,4.7923657404,4.1605991263,3.5838841599,4.4676283099,4.6449386758,4.2414794534,1.8698594657,1.7694320039,3.2100643868,2.6280312635,4.8568673206,3.32163801,1.4938732288,9.2256005375,5.9444087698,2.7518881568,7.6244020978,3.6933635782,0.9232222604,8.2741025524,1.5053797519,4.6756800258,6.8540878473,4.249553896,8.9093730288,6.0196362365,3.4221160832
2011-12,Robbery,5.5071673377,3.3562866045,1.3618359439,7.0681676248,2.2604764389,6.3429461985,5.0299466853,4.3705829998,3.5835443643,2.9551868422,4.9437256758,4.3191098687,5.858182672,3.0104075277,2.0972819394,3.4228799379,2.8204152561,5.933538551,3.9304648944,1.5520207435,10.1582693173,5.6185861095,3.375834609,7.9237260839,4.1365340536,1.2051597903,8.5689446759,1.6690822141,5.5309907348,6.5180063294,3.9290240811,9.4224481059,6.48729969,3.5998190722
2012-13,Robbery,3.5002099076,2.9481585686,1.0329917062,4.6208606115,1.8787654919,4.7296876806,5.5084768736,3.478429335,3.4133134985,2.1148315056,4.8865813366,3.8698915763,4.0515696453,2.6570177863,1.6726942056,2.7967461208,2.6210953785,5.510620857,4.097992689,1.3239295694,8.4526112186,4.7379562147,2.6900729386,7.1955273112,3.5240340528,1.0943984774,8.7997819644,1.5338532252,5.4676182401,4.8368791085,4.0705519085,11.0561159306,6.0305019807,2.9712931595
2013-14,Robbery,2.7064295711,1.9236604821,1.085822204,3.5427908619,1.6955070636,4.1528998472,4.0429025196,2.4788755423,2.8640601016,1.6779794552,3.9436006823,2.8765705012,3.5423295088,1.7668425291,1.1235955056,1.7607720898,1.7225150244,4.1591898621,3.4255819633,0.8513546732,7.1791803769,4.0883360123,1.8206600631,6.8064620538,3.06654826,0.9980926502,6.8953039563,1.2811743928,4.5806002419,3.2731746408,2.9273853843,10.3905378657,5.1003796203,2.212120729
2014-15,Robbery,2.4509062301,1.4376592028,0.8463093824,2.6592925596,1.2045642714,3.7556526405,2.4731411552,1.777164604,2.5633599734,1.6376480397,3.7735132054,2.1753146638,4.0928306316,1.2194576665,1.1952482783,1.6467935358,1.5400951922,4.2799619961,2.8490940521,0.570729239,4.1104155668,2.6718459373,1.469179176,4.5756994592,2.4022794356,0.7386935971,4.1449338595,0.8983819032,4.0807703818,2.7497947914,1.5858014705,7.5227611748,3.8237100059,1.7345792386
2015-16,Robbery,2.911193738,1.6381741995,0.7020673819,2.9875436712,1.1143364619,4.2022907255,1.8943041598,1.9501018775,2.761598256,1.7394278811,3.7173477467,1.9396912101,4.3831359212,1.4850483551,1.3569664974,1.1083681798,1.4175689251,4.1810867312,2.7645503484,0.7030687221,3.6278900598,2.7545615068,1.2367707086,4.0532785284,2.1462770348,0.708673548,3.952722717,0.7794349097,3.8714790879,2.1831323524,1.656366041,6.5951572231,3.6787979924,1.6910002682
2016-17,Robbery,2.0778843359,0.9609332708,0.7640137277,2.2421661275,0.9850438528,3.1237179149,2.8668284925,1.6462895838,2.175651413,1.440489552,3.5243450348,1.9370567869,4.187451293,1.2060204541,1.0483299905,0.0132244083,1.3904307385,1.5158997703,5.1108303664,2.549586331,0.2988624928,3.5181056558,3.6092455214,0.7126559485,4.3141330464,2.6194050427,0.2777573805,6.0280882207,0.4756375183,3.8608918842,1.6577242357,2.0031177559,1.9992372525,2.1019118213
1999-00,Burglary,15.777744946,14.5149919131,13.5704365901,17.5171041461,12.383774949,27.3258843281,14.2140417869,15.2720246682,17.8710890951,17.7500848384,24.1351770834,19.7778801499,19.9396959173,13.6742517159,10.513397604,17.4084789821,16.6403792849,27.8971300443,23.3616381587,10.294309021,25.9128916074,16.4955455236,10.9692967762,16.1069695697,13.1730341231,14.0639649964,21.9605976123,9.4160278746,19.2447818425,17.0363299963,17.7692831731,29.2338017153,21.8833932692,14.501966299
2000-01,Burglary,12.0200374635,13.0057254326,11.8097815899,16.7619694654,11.0491438014,27.0423195734,11.3062131815,15.2347471827,14.4437011939,14.2232253612,21.1327508469,18.7112589952,18.9178739567,13.3467869201,10.4645533244,16.6117009812,15.9036189465,24.1324247127,22.9857559436,9.1564400521,22.7754158828,13.0381664855,9.5219877149,14.0958107739,11.6647489453,13.7867221837,16.7572786338,8.1502617946,18.8400724384,14.1123201504,15.0282971292,27.4992620039,19.592869603,12.9445098937
2001-02,Burglary,13.4014270709,12.3763228486,10.9436498032,15.2028781248,12.0856936445,28.913890219,12.3272219437,14.7522097398,15.9089105768,12.8483399246,20.6855620856,16.4665178835,21.7083764593,12.4878596865,11.4232568075,14.8320956289,14.7794199355,25.4589240023,17.4230420656,7.9170720252,25.5110252696,13.722005536,10.2927171308,15.5807081484,11.9846378357,12.4719610352,19.539406027,10.0297033522,16.2215923218,18.0708510686,16.0151908796,27.7678048876,20.1984699454,13.0389054247
2002-03,Burglary,12.0944715281,12.6001397589,10.6834973964,14.2994245399,12.1212938369,28.8470966603,12.2683839423,14.6907599873,15.3199522699,13.4822734743,22.786202189,17.9604509591,19.4053654321,12.8852384899,10.6018999884,14.4457081797,15.5564162148,24.5894358143,15.3332478773,6.5823766055,20.8540109361,14.6178773328,10.1279905122,13.6868247663,12.1749026704,12.0838344515,19.0620012565,7.9772708466,17.2293038241,17.0348920349,16.5395373876,25.2955309947,19.4526108098,12.7345539696
2003-04,Burglary,13.4769267794,12.3616385231,10.1174460039,15.1384711709,11.6802858171,23.7106739648,11.2199667182,14.1995663858,13.7136977309,13.7314257946,20.3714601822,16.4830039065,18.2866944856,12.2866447073,9.5938698679,12.8318833802,15.935482083,21.8740844339,15.5868044631,6.2732574841,18.2957071217,15.2300584275,10.7449629684,13.2618333958,12.085105007,10.0856746171,17.8497269258,7.7068633563,14.4883082276,14.6531914419,13.2356553528,20.3593211664,17.3875813636,12.214167616
2004-05,Burglary,13.1332648995,12.4952505692,8.9898015997,14.8582928056,12.7006764052,20.1166194819,9.5807601725,14.028954472,12.5010187196,13.0727584841,18.2460050285,17.5671042462,18.0331343389,10.070884601,10.2538435303,12.6381734763,13.5298942763,20.356023027,15.5654230417,6.5141835755,15.131516579,14.965043275,9.3378787558,13.4022968628,12.2922813477,11.2485500134,17.1462778467,7.8909295725,14.5391515197,13.973209127,12.9784828527,20.9594653169,16.5876062103,11.744551142
2005-06,Burglary,11.5531499023,13.3204698038,10.6389197405,14.4091474465,13.1119727741,19.4610778443,10.5647511296,15.982786293,13.4981863129,13.9222712956,16.3824637895,17.6118920666,16.7531000432,11.0624171789,10.8066434645,12.4766336555,13.3258258258,20.0733606937,14.5152190052,7.7907258884,13.9903465168,13.8234025026,9.4237156514,16.2018613228,13.0465892829,13.1950106882,15.8243924052,8.1272686337,16.2478559579,13.8083414555,10.9734525772,18.6347094993,15.9182400827,12.3639811914
2006-07,Burglary,12.6647403339,11.8016571897,9.2977427445,12.0432254145,11.9217312427,20.4803063043,10.1747985748,12.5487982393,12.6570387818,13.8510192743,12.202931065,15.6404751682,15.2632797825,8.759927023,11.003602135,12.5085008275,11.370909059,20.1205723137,13.2046355412,6.7548660415,13.1361309549,13.8733835706,9.4951173904,13.0661953379,11.9449117728,11.4234056542,15.2754781296,7.9340777113,13.2326007326,13.5049039791,13.7129701118,17.0579233403,14.9066619393,11.3129875189
2007-08,Burglary,9.1994959504,12.2417773424,9.7050639955,12.073159108,11.0169351508,18.2630484115,10.6996793875,13.3397767604,12.4685285421,14.4587481768,12.3173556664,14.925880593,15.7141469554,10.1389410439,9.6653886827,13.078787926,10.8244022377,17.7325643037,10.9465076159,6.919765673,12.9525132999,12.0564497603,8.2724184083,11.7843663744,11.1091877753,10.5908859177,15.1856389339,8.3888062376,12.2751952267,12.4031994569,11.5118034587,16.2316028991,13.8347954509,11.1400904496
2008-09,Burglary,11.9511516248,11.0786175017,9.9182888305,11.9456447382,11.8996091393,16.6260052408,11.5657242319,11.943633457,13.3975249039,14.9156614445,11.9113057856,12.9144831948,15.4463529672,10.1451863726,10.8372556548,12.0359623215,10.8992169209,15.6958493198,11.4098376789,7.2807911451,12.0362748421,10.9677758266,9.6957505144,11.3571423404,12.7895062007,10.2827904027,12.0083907096,9.0928655978,9.8278085151,13.7382382341,9.816346987,17.2449273573,12.6632312562,11.5238017369
2009-10,Burglary,13.6839734204,12.2719609981,8.8101478878,12.511824177,11.7195136255,15.418647029,11.6962379841,11.5042155858,13.034364227,12.0243606159,10.8358478924,10.4710297808,14.0309441364,9.661877128,11.9166093616,12.0527732294,11.1396004372,14.4989425736,9.7904171274,7.4821845182,12.6305050162,11.1457077561,9.6347963015,12.6340998509,12.6351988463,9.0566938187,11.8561468412,8.0938740587,8.7569388137,13.5891029258,9.9082335884,16.2872154116,12.1111168893,11.4026015135
2010-11,Burglary,12.1036108468,13.1317615056,8.2960933809,11.8936299359,9.7193414571,15.5920363255,12.1552949985,11.4735402143,11.4513990015,10.8038254853,10.436876135,13.9237566495,13.5592817972,10.1241940442,9.8334702033,11.8531163602,9.701648237,13.4363335649,11.0679720559,7.8160455852,11.4933646901,12.0722869462,11.369114575,12.0098538963,13.2248589542,11.0249914119,11.251792781,8.5252032263,10.2929341703,14.0979256641,10.5908399974,15.2955747812,12.2232678331,11.1622802391
2011-12,Burglary,13.0247180918,13.7439936454,6.4998668236,12.7303879966,11.0254577304,15.10766197,12.310349081,11.4053649422,11.2794049724,10.2707420846,8.8881876512,12.7326043465,14.2756515614,11.2557640572,12.1886124736,13.9601232672,11.364037548,13.7188840682,10.5338986799,8.24627889,12.3784406909,11.775198781,11.1198097166,10.3201700702,12.8147266298,10.8037775894,12.2299691393,8.1622829277,10.6127837758,12.327617405,10.2206623119,15.8118607172,12.0604041465,11.5014088395
2012-13,Burglary,13.3291351805,13.2048928991,7.1839877748,11.7777919024,10.4860589232,13.015531512,11.1741838942,11.5243152484,11.7937387917,8.7207960995,10.1301369591,9.5357242146,12.1662958843,10.277377804,11.4919514627,10.977583441,11.4339978074,11.0022885897,11.2358109408,8.4255609923,12.0921985816,12.0118200287,9.8701940907,9.634365329,11.7315550371,11.4250971477,10.9392566348,7.8396942623,10.6652775824,11.1476733469,10.9239990659,17.8997400138,11.5590202276,10.8908265753
2013-14,Burglary,10.3214785544,10.7562424137,7.5331556021,8.9956629179,9.6445726473,13.599223399,10.2105421299,9.6556436025,10.7761041295,8.8936698888,11.2208066703,8.4282396396,11.0370330997,8.3123777592,9.8934236616,9.919597219,8.4296531724,11.6429495472,11.2086584316,6.6609509991,12.083044278,10.5842476763,8.4094812103,9.2701122155,10.0287228728,9.5106210645,11.4854722848,7.3042253234,9.6046025871,10.3123812534,9.7225263755,17.4703867467,11.2390036931,9.4019067142
2014-15,Burglary,9.4506137352,9.7888854807,5.8574614888,8.0776401195,7.8436743257,12.3612920808,8.1773215615,8.497068263,9.0980793286,7.7006677138,9.5648869466,8.3144114596,10.559129255,6.3533744426,8.0984169059,8.8216201442,6.9774972888,10.2520019907,10.0582623728,5.9014580073,8.9027578752,7.4880195113,8.5497383485,6.9005494539,8.6502533654,8.6318671385,9.1988444427,7.2072435826,8.4889882577,8.4769793299,8.3903314165,14.1196440512,9.4028987044,8.1086378196
2015-16,Burglary,7.5948489694,10.2135684017,4.5262697095,8.3854918954,7.8680773386,11.6568972741,6.938746435,7.2086725607,8.3670033157,6.6811497691,9.5907571866,8.8735299036,9.0594581916,7.6558896128,7.4030953289,7.1573714881,6.5297466235,10.5932575585,9.9041918446,5.1001296643,8.1928052498,7.2042377869,6.8584557476,6.7694859337,6.7353340544,6.7837518616,9.5564598366,6.2304828999,8.6845777615,8.0355496552,7.5569713617,13.1779330497,9.0917260023,7.3292058008
2016-17,Burglary,5.0663566793,6.91561141,3.6443863376,6.7630554388,5.4116229056,8.7455977512,5.9664560141,6.1830557466,6.0833748246,5.4223887106,8.368491478,7.3140592472,7.1933661578,6.464269634,6.1277854919,6.2485329172,5.923161183,6.9310544736,7.7204803287,4.5654062587,8.0326918972,5.6415573746,5.6772456579,5.0677756336,6.1286754509,6.1834298377,8.1794759644,4.9352190683,8.0727167759,5.8620302128,6.1120672201,10.7102183237,7.4390552811,5.8597947037
1999-00,Theft and Handling,40.7771293492,35.0879991323,36.0805304932,39.9051925153,36.8461387173,115.1192349594,39.9739810761,45.4256712942,37.2088248127,52.3311715245,76.3937374113,78.4080580699,59.2334335351,27.4831777364,35.7579570426,41.2727042721,55.6234775873,91.4424899128,106.6374138328,38.2115435984,73.7771581271,41.7522272382,32.5512530936,58.7318152147,40.8712595218,35.1309742913,65.4904318285,31.4480836237,71.6149803366,41.9303618524,56.7746574824,271.2951757886,85.4795624121,39.3153064274
2000-01,Theft and Handling,41.8809833245,35.866288349,35.8088305893,39.1439732775,34.9624302021,122.7277824788,37.6434967583,49.2459835069,38.4232262568,48.5221835682,80.7548394393,81.4754886157,57.108417294,27.9990818405,35.1557468431,43.0114960291,52.4563290815,92.0878033421,107.0599569381,36.8497502172,71.8888411572,39.134332384,30.8083062339,60.8156830154,42.2524054897,33.1540596808,58.98482942,28.5065240879,72.7224767035,41.067167956,54.7638170306,260.7162125022,85.1063602226,38.8563197084
2001-02,Theft and Handling,42.3593755659,37.7925447836,31.8344098703,40.1713522736,39.2211141794,138.7096614947,39.9448542577,49.4962183835,39.7776864094,48.2203623655,81.2126651419,85.8986621323,67.5341580377,30.3555445526,38.4305593257,42.9084424467,52.2233951921,98.9313606895,105.0746305464,34.5734509712,81.2299723454,39.3337946653,33.2014693416,62.5754277077,47.7979933276,36.4348778907,68.4229798373,31.3290459107,76.9307275349,47.0598833412,55.2950960838,261.1383521288,90.2942076503,40.5527368414
2002-03,Theft and Handling,40.064439729,42.5796750605,30.7726710569,41.8162751833,40.0852131002,144.3825623125,41.3010747879,52.7418655939,40.8555806871,53.0892737814,78.8866188537,84.8310066341,72.7567557935,35.9665812674,36.4845770348,43.6892614434,54.7794253255,105.8084144838,114.9688390803,38.0508146109,77.9260257617,40.1912781575,34.6345789537,64.622652596,48.0159493681,40.1616497854,73.8833023112,29.6251344716,85.3833483874,55.0193050193,54.765620169,258.793849111,92.8416287808,42.5567820573
2003-04,Theft and Handling,42.8915227724,45.1892778789,30.1341720602,45.6129366472,39.4646984219,133.9459692344,37.7680333652,46.8764199566,41.7762165806,50.6279452348,78.6422165203,82.047694012,65.8987588156,33.9356565354,37.6829095042,43.2365533311,49.617086532,113.6545807329,105.4045550258,44.4606267913,71.1034368743,42.0424234726,36.3289627994,61.9770201074,46.0325287375,36.4145342078,73.7770429631,30.8550370448,83.0525614543,51.3754099458,52.0323088705,232.7673227208,88.4748753089,41.8612916441
2004-05,Theft and Handling,40.4021496286,48.0565174547,25.3036208169,41.5860771051,34.9470412738,109.2885632846,34.303867305,44.8088030883,38.2436210434,45.0239887319,69.1166349067,74.2548653847,61.036242891,32.0159802466,34.1588083395,39.7400790539,44.4540648925,98.5561104014,90.3096191901,41.6470821886,63.4466313233,43.4968608267,34.0006775785,53.4362545886,41.5919670062,33.4779602034,65.7746922338,32.265011541,72.46843536,48.6306788384,45.8984620354,225.408632671,79.6203726313,38.9634915553
2005-06,Theft and Handling,43.2656743347,46.4064040838,27.5910446016,41.9688564585,36.8644817832,100.9531569772,35.4429409058,43.0854227014,34.0720348059,44.6736140637,66.9801211942,67.342981788,58.8473902063,30.9756726321,38.512709811,38.5276220021,43.4541684542,98.4810085188,81.9005196733,40.2848730072,57.5967149341,42.1449025223,35.4176395586,57.2226731495,40.0103355064,31.073010556,61.1624416086,33.5853884889,64.6540008061,46.4129624648,43.1664836581,196.636968252,74.3988599441,38.7272052523
2006-07,Theft and Handling,39.1248945602,35.7254059087,22.0216768183,37.3593148743,32.1767127521,102.794836802,30.1102367756,41.5978232259,31.5243068723,37.3221077824,56.8637513454,64.8518677544,49.3965879558,27.7196465622,33.4621688183,39.2433575615,39.2677730728,90.5371782624,80.5349632364,33.7482998952,49.3754545066,37.2941668992,31.0149594847,50.7414901122,36.8559020306,30.7692307692,54.9685482876,31.4957185508,57.1611721612,44.411024093,41.1319547329,180.7484663127,67.9004706205,34.5967095291
2007-08,Theft and Handling,36.5258443717,30.3520817592,24.9215358932,30.9842448804,28.8376703841,81.4958396369,27.1401538824,34.3896997217,29.8730165264,42.9746126366,52.84212402,53.1585747314,46.5047530966,22.7121115063,27.3424750532,33.5472272269,34.1737558577,72.0064038678,77.135121529,33.6925915137,43.6125264946,35.7826546396,25.4555750026,49.4169780498,30.527186352,26.893833495,51.2276892153,28.7282678337,53.393769617,37.7994186663,38.3132034038,171.6307299009,61.2376945219,30.8453733656
2008-09,Theft and Handling,32.7279474868,30.0637949129,23.1897358064,26.7926201697,30.6392801868,71.1979188959,29.0230970948,31.5811889316,26.5664345774,39.5123212707,46.0264628356,53.3520057824,37.5032213991,21.9892231897,28.91372906,30.6491834929,33.164219632,62.6324255944,67.0873852097,30.3985848603,40.4875383051,35.0533567473,24.0989691564,44.7051844993,32.0698280668,25.4965095366,47.4017322988,28.9841816421,42.8602847003,35.7252021908,34.5254073155,169.0194948622,55.4598147269,29.6411744411
2009-10,Theft and Handling,31.9067462552,28.282764025,21.3810454709,28.4283404558,24.7683465614,76.02712705,30.3631616694,32.8639920477,24.8633146892,35.0676318986,45.2789681433,57.1631615181,36.3603610816,21.4437139982,26.711998189,29.5070859918,32.0052924402,62.9219537986,67.7546280568,29.2739674649,41.9928583574,32.3166357269,25.6540961764,42.0007889767,31.674894152,24.3988416109,43.312464428,26.8697486807,40.3376369571,36.9549447892,32.9450437118,175.9563093373,55.0865829524,28.6755898932
2010-11,Theft and Handling,34.5387720277,27.6008855047,19.1234921612,27.3766753613,24.7212859736,80.2654558156,30.3672849077,36.7195193865,25.3601518619,34.1371989517,50.3063221077,59.2008493602,34.9645092624,21.1075127079,27.5658880601,27.8774608947,33.4502238842,65.1279924449,70.2903473075,30.0539559276,44.9050898707,33.2336482891,27.1824280893,43.2160871207,33.4329378235,24.1379680522,45.595661382,27.5141162364,43.0910993079,40.5615549055,33.2529244597,171.9670146003,56.5082775896,29.2097588993
2011-12,Theft and Handling,33.3851969481,28.338246564,17.2656740014,28.7114285257,24.7815194781,85.7070158619,29.9631319984,33.6708771227,25.7123289853,30.2955578258,52.3824550331,61.6404943956,38.0879705721,18.8233630909,27.344521639,29.7351351548,35.3512966457,62.2876117992,75.4497601911,29.675384577,48.4660783431,31.5955195748,26.0043980593,40.7685370096,31.9017750848,26.1562335024,46.9906517455,23.7752651434,43.1815696139,37.5256985778,36.0599265542,180.6933173029,58.3560776551,28.531391885
2012-13,Theft and Handling,32.7560873216,28.7342426008,18.8072787498,26.0376279158,25.5321045995,78.9777829144,30.0987296888,33.1874447781,27.0165496853,31.3302674685,51.8168007964,58.5710314151,37.4142565814,18.5207342281,26.9216169655,26.5158505941,33.6341738338,66.0611143489,77.3744629,26.4358839823,49.2972275951,31.1128159229,26.9254543207,42.8293068096,31.7198199686,26.0117898966,46.925356863,22.6462841502,42.4101626217,39.315829163,39.1000025948,171.5417809504,57.8231075076,28.2690893542
2013-14,Theft and Handling,30.2492384951,26.1997138894,17.9477537845,24.5158606082,24.1334511905,67.034072062,28.1661801949,30.3596559356,28.0291023449,27.5711342081,45.7263413099,50.1161261438,36.3383019599,16.4562891376,25.3924322538,24.5636423227,28.8940462716,56.7170684435,68.3509646902,24.641321878,44.211149369,25.0331958907,23.5357218425,38.5982333366,26.8288283288,23.4473388551,44.079017905,20.6570229795,38.7555425263,33.6647892941,34.0240116451,143.01206572,50.5597765571,25.8398924484
2014-15,Theft and Handling,26.1530858221,24.1868156782,17.7057928418,24.0084548668,23.4594338859,59.4048866065,26.0530794596,27.8851156618,24.1793859028,27.8437386016,39.4679840395,51.9832926863,33.5163582404,16.722829467,23.2951450153,27.0730124022,29.2768707073,54.1962629507,66.6559959024,22.4996763906,39.6900218719,24.3960086732,22.3177652753,36.2910934195,23.8146423026,23.2559340858,37.2581295573,18.9669617532,35.1777194866,27.1061861055,31.607105672,118.8253347736,45.7461078938,24.2693320713
2015-16,Theft and Handling,26.4829511979,24.3513804646,17.5021268512,26.7181462415,23.3117956516,59.1390489465,24.9557424063,27.8173725219,23.8952845786,25.8366902836,39.2700615965,49.4565520317,35.1823619092,17.4806781856,24.0881626754,25.9223806405,30.3456486959,54.0554784533,64.3899284134,21.1324016712,41.182870934,25.8639535861,23.0586855034,33.2284709014,23.3260218401,22.0048271966,39.5952101159,17.1525643908,35.0397647983,27.2449017222,30.5744188412,116.5791026789,45.5942844273,24.1500061038
2016-17,Theft and Handling,23.4234234234,22.0885146458,15.1413629678,23.7133439349,19.5020328001,49.4067373193,21.0643885494,25.3936526067,20.8240920955,25.1817590415,37.8026220542,43.2665011633,33.3631410913,15.7827876761,19.8312386513,22.6732480139,27.3881662173,44.6954243875,54.3304876026,18.2389115708,34.3752859016,21.6585449884,20.3385862488,30.740986222,21.1161942062,20.9092858675,34.9655038104,14.5089506478,32.0481279563,23.1979785603,29.4910406965,94.4211555082,39.7254902183,21.354762324
1999-00,Fraud or Forgery,13.5000369358,12.4988435858,6.1575108757,19.0229604674,6.8700788737,25.4048620285,13.5033396975,12.8634384553,12.7561589992,8.5639681762,14.666954648,13.4093653896,15.9087477523,9.162662511,7.0975402283,8.4063447499,14.7738196343,21.6313731739,25.0815964463,10.1984205804,17.1990540333,10.7786344932,8.5430828587,15.8824532154,13.6223534253,5.5156208401,18.0308489306,6.1379790941,16.4645206633,16.7965728296,14.5636212247,47.7717945601,19.0979366827,11.1078407593
2000-01,Fraud or Forgery,14.5643804189,9.8168368252,5.7928738964,15.5315254109,4.7372823102,17.6221109831,9.3824515843,10.5989420771,9.4485727166,6.2162489857,11.8939330616,9.2826336888,9.0609292911,8.894669893,7.484198791,6.4291552635,10.8275004541,12.9377235004,17.5997827507,8.9120873154,15.0317744826,7.6277438855,8.5177155731,13.2117671502,12.777861157,5.7309738607,16.3655500423,6.0836080561,14.6855168845,12.8154146483,14.2363510712,34.848685349,14.7350272679,9.2331200924
2001-02,Fraud or Forgery,12.2665314451,12.3012010104,6.532362393,15.1991692011,5.7829031322,19.7959193748,11.35739693,9.6135070751,7.952651966,9.8500873724,11.3681325574,8.0236636083,12.4428816141,9.9598179429,7.3826190275,10.7769852127,11.4179353261,8.9805838773,11.7016751028,8.0915159851,14.4089372723,7.6237732763,8.3880150283,14.0490996788,14.6676423047,6.7064040709,18.5499703948,6.0839519236,17.1167139092,15.3097763665,11.1870818644,33.1679199721,14.4636502732,10.1281013697
2002-03,Fraud or Forgery,10.6157240152,12.8247523023,6.0513957914,16.2299765443,7.8943465423,16.2914517679,10.6494939105,10.6874227951,6.5575522271,9.8430529719,8.6651087168,8.6342731221,10.0813457238,10.7847939115,7.4026678042,9.2162727725,12.9882704437,7.9892070754,13.880495889,7.0768901779,12.5878531063,6.0789554604,7.4726727924,12.6056674579,13.0264089768,4.8563334682,14.2194334859,6.145698287,14.8528481242,16.369047619,10.6832243914,27.6934166266,12.5316378195,10.0690007553
2003-04,Fraud or Forgery,10.4566512244,13.4585863357,6.2313649916,15.4627072595,7.7005110125,16.6067739187,10.517416401,10.376231711,7.9301719091,8.6980557549,8.0459499541,7.8362777681,11.6163838117,8.2254079952,7.5072808638,8.4134906109,11.6721632532,7.7004295214,11.1334317593,7.8766459785,10.7276033726,8.5656674711,7.8870352566,11.5914200075,11.5434982943,5.2770597465,11.557659006,8.1537179961,11.9913156419,12.5694397965,7.9471729738,27.1884137643,11.6364557196,9.7002971807
2004-05,Fraud or Forgery,11.0621339291,11.4820386565,4.9701924252,12.0893659046,7.4569384508,15.2888237252,9.2574465939,6.2952917539,7.2816308018,7.4211012809,7.7815910591,5.8285827188,12.7344660709,8.7207017252,7.4899565485,6.6226763333,9.4422165512,8.2286776051,9.23669096,7.546919996,7.5548198438,14.2560060209,6.4422893684,12.325396763,9.0202352336,3.1342018381,10.5769716665,7.1509823628,10.8593727801,8.3954809291,7.8280063887,24.0588747978,11.2836052666,8.0953007183
2005-06,Fraud or Forgery,10.8254397835,6.1183180121,4.8383252919,7.0606298835,6.5459670497,9.2473281286,8.5532602669,5.7549540563,5.3655641743,7.1975843189,4.6879618682,5.4359116405,9.3426556346,5.7573414018,6.7668179215,4.6613371515,8.941977692,5.2377137189,6.6280623608,4.938061106,4.4845472228,6.7587180795,5.1001400964,9.6060646656,7.7436794403,2.848359301,7.0165119113,5.4694321346,6.514138962,6.8534534084,5.610301205,16.694154133,7.4652153093,6.4362672105
2006-07,Fraud or Forgery,9.4821036511,6.2756763129,3.7307416697,5.3778607181,4.4058571984,5.3925471019,6.0890177383,4.4398073124,4.0949243117,8.2097525535,3.5695957637,4.6715328467,7.0934152178,3.8008871718,5.5434315813,4.0332249683,5.3347711352,7.4858459762,4.8655027384,2.8958722432,3.7786428256,6.8184637331,4.9137751922,9.3568067474,8.6936108611,1.6053035284,7.7704230564,3.0511477346,4.097985348,6.7437838869,3.9612155611,10.1692329095,6.0866249452,5.2637118326
2007-08,Fraud or Forgery,7.0756251812,2.9088780511,3.1786310518,3.9784942441,3.7339942173,3.5221255673,4.6972784271,4.0009916183,2.9876446658,5.3015409982,3.9914468995,3.3886395576,5.5195888392,2.6772105763,3.9166365666,4.1598406108,4.5919110403,2.4597637779,4.0458488608,2.3821082953,2.8319366657,5.5362420938,3.4180994543,7.1877875209,5.539207201,1.5842474277,7.4057500018,1.7700652644,3.9866637662,4.3918273821,3.0846829536,9.5821302789,4.8720388654,3.844546164
2008-09,Fraud or Forgery,6.9120682857,4.3394691226,2.7398831689,4.9020113372,4.0561632696,4.3514859254,5.3219508285,7.3853009981,3.6847395972,5.8102674475,3.6443748079,4.2069479581,5.93146499,3.3628526748,5.0476071322,4.872611099,5.022971161,3.8107335662,5.0929086782,2.7431149737,3.5071214626,5.8759962177,3.599528232,6.1632390281,7.3723309676,1.9242648707,7.9357915754,2.4480791994,5.6750311566,4.5601368041,2.8983537487,10.2664709406,5.3291517723,4.6688879748
2009-10,Fraud or Forgery,7.3544318054,4.3923441932,2.9367159626,5.1992835052,4.7080058907,4.2597358682,5.2584879934,7.9341507913,3.9672683801,4.9738993401,3.9345453931,4.5415176886,5.2881247373,3.9358444506,2.9983726781,4.298646792,4.1419097162,4.2907109159,6.306634629,2.943289237,3.6116306751,5.421236752,2.917188194,6.001110153,5.7943683325,2.7115849756,5.2717700626,2.4552658011,4.2869914135,6.2827436125,3.0933999673,9.9502258273,5.004796782,4.6322938663
2010-11,Fraud or Forgery,6.6124109868,4.1315964694,2.583318524,4.373574815,4.9682395644,5.2020025614,4.824682708,6.8996895888,4.3718795507,5.1691408711,3.363131311,4.2302120083,5.0130172271,4.1524356604,3.8648120084,3.9745421483,5.7977178257,4.1123475358,5.1102123231,3.0129595078,4.1256509323,5.3352903403,2.5811505705,5.4183059187,5.5291397662,2.8287100653,4.6303964028,2.0547113104,4.8849187188,5.905302568,2.9244597185,10.3367144442,4.8958491905,4.5333257409
2011-12,Fraud or Forgery,6.7315763865,5.2889483076,2.8224801739,4.7526781854,4.4951924625,5.1388768987,5.2245658759,6.5897664111,4.3352923376,4.8887792926,3.2728920391,4.4287319466,4.8485559991,3.4844219726,3.6691926515,3.4047310517,5.5388405308,3.3885158882,4.9288788065,3.5341195243,4.0002496051,6.1493908384,3.0616875184,5.5852605811,5.2133122479,3.2421997899,3.1657297631,2.1399831522,5.4333390622,4.6045691494,2.9768288323,10.674827627,4.8397119251,4.5052641335
2012-13,Fraud or Forgery,3.6471452561,3.9675125565,1.8440182524,3.7310112502,1.7959724363,5.7609729643,2.8680947501,3.1731494609,2.7483004346,2.8108033284,2.736802859,4.2313038643,3.1670992461,2.4507275855,1.8061760375,2.1756413351,2.6982999552,3.672167811,5.5666003976,1.8669237246,3.0722114765,2.8662148915,2.2054642107,4.8904114823,3.2007926441,1.9244494964,3.3488910844,1.3685895781,3.5817081934,3.6790749754,3.0034510496,9.215663501,4.0852769602,2.7168838966
2013-14,Fraud or Forgery,0.154359101,0.1219221432,0.0464748803,0.1071662716,0.0408934913,0.1958915022,0.0590204747,0.1343089222,0.1216757559,0.1856004364,0.0777064174,0.1343145759,0.0797308893,0.0862876584,0.04957039,0.0488134837,0.072406605,0.1298297839,0.1992364744,0.053959099,0.1622953011,0.1188063457,0.1033347603,0.1382660805,0.0728478659,0.1358660152,0.1440709767,0.0408342436,0.0769540841,0.075245394,0.0901724871,0.3658950542,0.1418104609,0.0905316313
2014-15,Fraud or Forgery,0.1260754234,0.0906872224,0.0250140704,0.0623515254,0.052913676,0.1788406019,0.0824380385,0.1929158945,0.1232384603,0.1451551672,0.1064031921,0.1681944328,0.1457720499,0.1016214722,0.073178466,0.0649150979,0.0753102783,0.1266796362,0.1472565465,0.0647218725,0.131985821,0.1164650793,0.0491364273,0.1233342172,0.1057821911,0.0774853424,0.1289094263,0.0201883574,0.0774606975,0.1156630102,0.0736837047,0.3214855203,0.1369397068,0.0898302442
2015-16,Fraud or Forgery,0.1188242342,0.1422209112,0.0412980813,0.1172796069,0.0985048806,0.1285992226,0.1213621049,0.1544923759,0.1035218751,0.1710316117,0.1040857369,0.1114765063,0.1246041984,0.0687897058,0.0883232631,0.0806085949,0.0892956803,0.1537164239,0.1204735244,0.0979685924,0.1787745314,0.1378962415,0.1124337008,0.1171815142,0.1078192545,0.1129769424,0.1327286088,0.0599565315,0.1117749868,0.1290703249,0.098555369,0.2806449882,0.1376705113,0.1088115225
2016-17,Fraud or Forgery,0.0774968517,0.0699331491,0.044941984,0.0883462197,0.0856559872,0.1543579724,0.0810873023,0.1282066225,0.0935439581,0.1536998778,0.0548393937,0.122457613,0.1651996222,0.0643210909,0.0356036601,0.1157135725,0.1180206462,0.1116526743,0.2233196789,0.0567836599,0.1097862218,0.1093196673,0.078037741,0.1261078427,0.0768590705,0.0765907907,0.0925857935,0.0247255464,0.0820064687,0.1558857756,0.0885806843,0.3755845792,0.1328858094,0.0882373188
1999-00,Criminal Damage,22.5677772032,16.3014524562,20.187806381,16.4107607263,17.9144258093,23.9838318342,21.1162841122,21.1049058402,14.0981406587,24.0752611138,25.8982253989,23.9426273392,22.1908043137,12.6641944312,13.1938044942,19.5712764178,25.42720884,27.5385989973,17.8428743618,18.1503119799,25.8529254133,18.1055491191,18.0263911554,25.5574450039,14.5587852422,18.6940769293,21.9565629627,17.8229965157,23.9939640426,16.8282388705,16.0812958898,28.6313697928,22.9801986101,18.2869443014
2000-01,Criminal Damage,23.8509271293,16.0362779622,22.5771202056,16.414727585,19.6094366393,23.616789177,19.4081516032,20.425797549,13.9092878852,23.5825739841,23.7386973218,22.6165347673,21.3741499693,13.0646441654,17.1226031687,20.6700798256,22.6841955749,26.1903155433,16.3518922029,17.9802888792,23.6419926822,18.0439973662,18.6401411295,25.5924518155,15.6335984792,16.4295628036,20.888234689,18.9932681386,23.3750817976,16.3717374015,17.9047049814,25.9774631256,22.1266055105,18.4978303217
2001-02,Criminal Damage,21.7743006508,15.9383500114,26.1751623948,16.76433499,20.2350971244,25.0435658325,19.0563155005,18.9341178615,15.1731550208,23.2042674515,23.6337492642,21.9573252093,22.7931173192,13.4209975053,19.2108296213,23.5733828415,22.6089935919,25.8212690998,14.9877619467,17.4578147539,23.8100463837,18.357605687,17.8958274465,22.7776641768,17.0943350986,18.1916230186,21.4910093802,19.2658477579,23.4223482023,18.187960273,17.9361305945,23.7496864687,21.8876502732,19.0603778421
2002-03,Criminal Damage,21.0090347866,15.8039881205,20.8239208116,15.7556758599,20.133617377,25.8859059087,16.8656738667,17.0028650701,15.7224527596,24.0974191335,22.3595830509,20.0594224049,21.7619857979,12.6874387763,18.1778595359,23.0508008079,24.1968204788,25.8830322344,16.0168958719,18.2970021785,23.1943188019,16.3682380491,16.5616259361,22.3321659968,16.6657796809,18.6843440245,22.5427187838,17.5102750117,25.493766634,17.8124553125,16.4595132349,22.7054300817,21.4841419159,18.3126649112
2003-04,Criminal Damage,24.4630286986,16.38585217,22.0120354883,16.6702071757,21.9005359071,23.9848424021,17.0785219056,18.3734274994,16.5877197651,25.6750912828,19.9665732916,18.4712261676,21.0241437694,12.445725408,20.3198252593,26.0064340829,21.4413066172,27.0371864963,13.8744342522,20.663669221,21.7785043811,17.6473390067,17.7339433063,22.3281191457,17.1131553845,15.9948527503,23.6246385783,19.440935195,24.1359974311,20.0655913259,16.7287991099,21.1554957371,20.865166636,19.3196380809
2004-05,Criminal Damage,23.3923072278,14.4876947267,21.3654902067,14.6123316004,22.2900907143,19.5475086934,16.2368672397,15.0899949367,15.1585482094,24.4288921167,19.1309152031,17.1428903494,19.3975414179,12.2256285055,18.8777024304,22.1077562115,20.1148377689,23.7901687211,12.663497273,18.7679984112,19.9772480329,18.3913964865,15.330213649,17.4898008914,14.4548867647,18.0356027483,21.0451027572,21.5578649762,20.9657406443,17.9776179767,15.1463489044,18.2935070867,18.6703165253,17.964195148
2005-06,Criminal Damage,23.7738685912,13.4639632901,21.0530102387,13.3240323468,20.8435614068,17.6371939665,14.9800030674,15.3976992973,13.8563587905,23.4062491865,15.2370307419,14.3803522378,16.8403330556,10.0493421796,15.5865897176,21.0913574355,17.446017446,21.3487249083,10.6250927988,18.2636124573,17.1781571933,17.8951084611,13.9939029189,16.8874459216,11.0987438384,16.638385085,14.8656855518,17.4077307897,17.4335229776,16.1898503619,12.3892680481,14.5519244214,15.9165492072,16.4850159833
2006-07,Criminal Damage,22.1109495863,11.9376906358,18.0535650305,11.9347278882,18.3610609942,18.0067477918,14.7276097154,15.7962001592,13.015388148,21.3983503569,14.269300114,13.631029054,14.1353667218,9.2741646991,14.9913671461,18.9081989253,16.5785574639,18.5284132921,10.3240642682,14.902353791,15.9095121986,15.7068874624,12.9025555786,16.2406877679,10.3603427364,12.426035503,15.0661738048,17.749149725,16.130952381,15.2125202075,10.2803803323,13.7773808616,14.731726244,15.1422857955
2007-08,Criminal Damage,18.8900260899,10.0198006791,15.3233166388,10.2763058957,15.3721602644,14.0932299546,13.7052399652,12.3764007393,12.5405613067,19.062717991,13.6225944405,12.8462305635,15.6381311948,7.8195754456,12.7377724782,16.3825341173,14.7780719114,15.4583430522,9.5221723568,11.5221542545,14.064934518,15.2495520468,11.124266447,15.1153838932,9.3127921066,9.538375516,13.8981608504,13.4981050528,14.7657502075,13.9435215242,10.3383200659,14.5046437524,13.798500972,12.9984521873
2008-09,Criminal Damage,17.6338923295,8.7408464323,12.8434781074,9.1474419132,13.4768237979,12.4552367636,13.0457933972,10.6412527544,11.8375621548,16.3505013598,10.4007513818,12.0674466932,13.7528174459,8.1588381605,11.9632603228,14.2002903647,12.8369488918,13.8789831797,8.3282588772,10.4276823883,12.5654558912,14.6449637534,11.16619609,14.2796171847,9.9980410771,9.375324583,12.9326685273,13.1712041321,13.4976044986,13.176482251,9.9114863832,14.39135147,12.6021707654,11.9076819781
2009-10,Criminal Damage,14.883432819,7.8478091774,11.3742954073,9.2211808747,10.8039775319,11.7177960211,12.4077638528,10.7192862295,11.2924751052,14.954529039,10.0497840437,10.8374603034,11.977342327,7.9958885629,9.7682027276,12.1656974009,11.9285356212,12.7501220107,7.2578802048,8.7472267604,12.2394150655,13.9968493222,10.3312876004,12.801670117,9.0853624716,8.2594878358,11.2869948776,11.0593249613,12.2580511029,11.4975417103,9.2902217159,14.4990321689,11.6765829939,10.733952262
2010-11,Criminal Damage,13.2248219736,7.6514207342,9.2453329057,8.4190494939,9.1003370495,10.5809756666,10.7249316247,10.6413867628,9.2150769711,12.8064662421,9.1172711064,10.8768980657,10.3860854152,6.6413702195,9.0418822015,11.7751841612,11.1380378437,10.8230191526,7.3100964085,8.3770359538,10.7777591131,11.5512338318,9.2298730516,10.3820223217,8.5245448729,7.8903297836,11.191886587,9.2752520851,11.2868179623,10.1807416273,8.4792809464,13.0947064051,10.4610011612,9.6311664711
2011-12,Criminal Damage,11.1747376075,6.6062907999,7.1872288142,7.5677753046,8.3463745436,9.6052924525,9.7172539506,9.1242919538,8.2787838247,10.619101858,8.5362202749,9.5700073995,10.7536980512,6.0291310983,7.7292614962,9.7532114454,10.6344169115,9.9570981894,7.431232662,7.323792665,9.8626843711,10.6305382432,8.1628378951,8.2941441732,8.297944171,7.4442613597,10.4704606933,8.4709846539,9.6245488493,8.9242402076,7.3933248838,11.0710349664,9.4606710927,8.502399107
2012-13,Criminal Damage,8.7793870697,5.4237325391,6.5949263887,6.607131507,6.8813766575,7.9124474356,7.9347006934,7.2298493268,6.5272135322,8.4401002815,7.1831159096,7.6341395607,7.7980163144,5.2232678843,6.3862713936,7.7407402149,7.9404907123,8.5336441646,6.438786635,6.3939087038,7.8755641522,8.2399238517,6.2702435406,7.259204544,5.5899682732,6.3126173042,8.0196232072,6.4917626401,8.3269012141,7.3010214575,6.1852928203,9.7249149014,7.7501539589,6.8475507236
2013-14,Criminal Damage,8.4743146456,5.3239335877,5.9065347907,6.4520399415,6.4391520577,6.8953808784,7.6109584925,6.71544611,6.3489785476,7.4581073301,6.4612886055,6.7493074405,7.2403240871,4.4540867479,6.0641110377,7.573063325,7.4883673073,7.7295089188,5.495070504,5.3899144449,7.7297114962,7.3974421693,5.8015086875,6.7027624934,5.1548537492,5.7481775664,8.0679746971,6.426289086,7.7906848913,6.7194136879,5.5874737534,9.4206955533,7.1855630355,6.4244000853
2014-15,Criminal Damage,8.4369673313,5.5799314511,6.3619119088,6.7183768651,7.1713593835,7.2558187067,7.826295075,6.8748209682,6.4915858941,7.7788281884,7.4292228767,8.2022818378,8.2529406708,4.8859603839,6.6226511745,7.9059756056,7.5762140017,9.0711668099,6.5497150906,6.0603207851,8.2836815245,7.8031603142,6.618676756,6.8820493214,5.6371670847,5.5014593073,8.1113777443,6.7933822565,8.3904019154,6.5704051936,5.9459546044,8.7401196783,7.7263444019,6.7275464249
2015-16,Criminal Damage,9.6643710485,5.9416736241,6.6489910879,6.6139525697,6.9538289155,8.0727124895,8.2156868436,7.2932061249,6.4244457774,8.678944553,7.5462159259,7.859093696,7.8830479653,4.8274187675,6.8330088123,7.8593380019,8.3640287234,8.9243363842,6.6387252633,5.8954041204,8.3592505032,8.1594215085,7.0148852443,7.5476913739,5.6032318822,5.6847943306,8.3651396402,6.5852257114,8.0173149616,7.593022827,5.8147667735,8.6876132382,7.819857848,7.0014255078
2016-17,Criminal Damage,7.6092221254,4.7813553044,5.8628860925,5.8674075563,5.6165854464,6.7389441102,7.3083200804,6.241331484,5.4406373059,7.6099311568,6.0067415895,6.7852650094,6.7588193255,4.1205698849,6.0644900962,6.9494265566,6.7529938519,6.7292207932,5.5957530978,5.1048510281,7.2001463816,6.7281286129,5.6089626346,6.0649074134,4.651644617,5.0958406095,7.3398185957,5.2665413906,6.7048488785,5.9272847236,5.0048086657,7.5197686722,6.5434219258,5.9164643611
1999-00,Drugs,2.7332496122,1.5759134077,1.7244709323,3.722384631,1.7802524228,8.8261764288,2.035739883,3.3614335058,2.4383000099,3.9826929603,5.0179067443,4.1958738499,3.5368024195,1.8613912818,2.4455943858,1.8200144459,2.6691803003,5.9129167923,4.5842982706,3.8423868003,5.6593095642,3.2120170988,1.6318855303,2.6692499906,1.3731533817,1.6899908555,7.0323942014,1.4773519164,5.1574361651,2.5197121105,2.3200363334,16.3132223238,5.5389215026,2.3323967409
2000-01,Drugs,2.477225995,1.5326932333,2.0163041739,3.2082130253,1.5068553453,7.1823992986,2.1391750264,2.7630844039,2.043131153,4.425521596,4.6759530143,4.3310846569,4.7988355432,2.0849871362,1.9943057906,1.6876024253,2.4588904257,4.3744236781,3.9699730378,3.4277258905,5.0624379694,2.5306815387,1.4081064422,2.7295356123,1.6008804843,1.4631043257,5.6543450219,1.6289442336,5.0016993603,2.3588316102,2.3608957956,13.2126752105,4.9330665192,2.1986735302
2001-02,Drugs,2.819129028,1.7090218198,1.9976503609,3.7868110674,1.7082013922,6.4916792962,2.2678984936,2.4798552441,1.965621461,4.0651154235,4.6756029067,5.2192190065,6.8112686496,2.1186037211,2.3985724267,2.1781968601,3.0883061081,5.1007040644,4.2417030931,2.5361468013,6.3393471167,2.9449232511,1.3186399171,4.3743058646,1.674294006,2.2775384227,4.4329832653,1.4052606345,5.4701874782,3.0628561133,2.9881284454,13.5789779126,5.477420765,2.3484056116
2002-03,Drugs,5.2176944763,1.9404028052,2.3365872136,3.9870901282,1.8404411666,7.9765850215,3.4017560336,3.1561042808,2.6572156227,3.088370749,5.9537070833,6.7446173883,11.5737234602,2.1287016804,1.8839922863,3.1328041835,3.7576998266,5.2854239998,5.7133439543,2.5193461729,11.5989906278,4.1354243048,1.296172879,4.4617325154,2.3866739263,2.1431706386,5.3927708775,1.4288472678,6.4338190899,3.4185971686,4.7141500889,14.9014896684,7.262386442,2.7293106969
2003-04,Drugs,4.7048914024,1.9670480606,2.1862046397,3.8200228829,1.9209225811,9.1846426508,2.5631178945,2.6419307516,1.9727854951,2.5456636781,7.7917186507,6.7926068451,9.9721366769,1.5159455008,2.0954681063,2.6203971716,2.9700043418,6.0862691336,6.1657429145,2.3382748876,10.6688219842,4.7551759177,2.044395609,4.9214749594,2.2230126267,2.2857852378,6.538892502,1.8812028665,5.6457912974,2.6995069496,3.7496207031,13.8335331668,7.3232839859,2.4511515586
2004-05,Drugs,2.5240021738,2.4959610531,2.2632934541,4.8372370358,2.4351932514,7.4611388968,2.3195524628,3.6023775047,1.9594850771,4.1243012457,9.8557455953,5.0673221643,7.630082306,1.7385916483,2.2367995606,2.4689273034,2.9301859278,6.0498476478,6.3106327525,2.4097183145,9.9466933079,5.6247648096,1.8315793931,4.4569515081,1.9696592088,1.6674846078,6.2505587797,2.0928357649,5.2047320913,4.1644074275,2.9359510436,17.1189940202,7.1579663584,2.6766630845
2005-06,Drugs,3.8911441888,2.2897896752,2.30225144,11.4195446207,2.5449116795,8.2287955734,3.0909712964,4.8981053412,4.1119605027,5.2669483804,9.8146984925,5.274334649,9.7352041907,2.2703734357,2.2247676109,5.6476951836,3.650972401,7.4178234874,5.7490720119,2.7870862816,10.7340969671,5.3544110148,2.3296936243,7.9433250065,3.3312132294,1.592216321,9.3884519749,2.3503182265,6.6266133038,6.4741760641,4.4592891265,17.621856121,8.3749063255,3.9162982761
2006-07,Drugs,5.8926637831,3.0683099507,2.4901469008,10.665306831,3.3093769002,11.5859206187,4.4500057277,7.8743153976,7.3026730079,5.6284456601,11.1992660984,7.957635609,10.0825992606,3.237461544,2.8878430135,6.474387449,4.4054601404,8.3116098077,9.1439983055,3.5921830972,12.3091072422,6.3726858312,2.4984417203,6.4226299836,4.7458820768,2.2024983563,9.9494305801,3.6471604641,10.0641025641,8.2476997023,7.6198624182,23.4888636578,10.2827402355,5.0276086633
2007-08,Drugs,7.7796380546,3.858593883,4.1713967724,10.9682179382,3.5291201983,13.2091527988,7.1680003721,11.11804965,8.1259818752,8.468091403,20.0953314326,11.2369101047,9.662447792,3.7639990281,5.0307020789,7.5180655379,7.975875333,14.6472571513,16.7052424133,4.3758293685,13.2192136551,8.8020889168,5.2352517245,8.9640798393,8.8550381782,4.0181777317,14.9838973539,2.492208455,13.1497751397,9.2207158466,5.5414493549,25.9859758226,13.1676369391,6.7046860527
2008-09,Drugs,8.8198455222,3.8972677853,4.3855778903,10.6702967676,3.9250019674,21.2200330047,8.7000584012,9.4623204597,7.1576739073,7.4578307223,20.2301755965,12.3893205638,10.652092989,4.2819743256,4.3918496244,6.9335110764,8.9194517185,17.5647746617,17.9974043388,4.1018541663,14.5991712956,10.3561619163,4.6359881343,9.7729294917,8.2689149074,4.1819960968,18.4675040527,2.7601420424,13.5752265053,9.6985518261,4.6006693736,24.5434964536,14.5833888183,6.6470226464
2009-10,Drugs,6.3802229981,4.5166831006,3.7738991698,9.9859787064,4.1704135226,15.277751686,7.2229797343,7.7492832595,5.8349974004,5.8521290916,14.9183085258,10.4488218704,8.1943916255,4.1713955331,4.1046098912,5.8720569138,7.5729559593,11.8553766065,13.6201071078,3.5281328866,11.6000680156,9.8033414935,4.7088868252,9.1255974055,8.6897036256,3.3135568402,16.8326693227,3.130198175,13.7923865361,8.7289433384,5.7491807167,23.4261222232,12.3717734183,5.9581535797
2010-11,Drugs,5.5349544405,3.6165696367,4.2173975233,12.2512590843,3.5033704952,10.9861450693,6.4226667896,7.4355006241,5.5290461827,5.1571009467,10.4741063709,10.1801572644,7.2920211124,3.773410093,4.8341898287,5.0915703338,7.4467572903,9.1840762708,13.9533724285,3.4163683122,10.1864606081,9.1698009357,4.7053270127,9.6399717887,8.0192520212,3.1883373411,15.6601838768,3.089990017,12.4617737003,6.9997519773,3.9257154187,28.4086984948,11.3120976478,5.6836581718
2011-12,Drugs,5.4964738089,3.003876511,4.0253636575,14.4565965828,3.4068149179,12.2224393081,6.7404026698,6.911002788,4.6633857327,5.0727445662,10.251555534,8.6930307764,6.9225952884,2.8066644768,4.1189104221,5.0562796961,6.9470868131,7.9501660324,9.3522315815,4.032760727,10.1878278119,6.7451920646,4.7720439008,6.8317979772,7.988770234,3.0982205229,11.5476400766,2.8254056288,14.5188506789,4.6738686851,3.2823112671,30.2256104781,10.3322882156,5.4763912353
2012-13,Drugs,5.9823677582,2.5772346108,3.4191171763,11.6093561304,3.2735100434,9.6816351206,6.4870989954,6.666255713,3.8293406285,4.7948997954,8.0001903863,10.058381985,5.0634964776,2.826175751,4.7427763387,3.6059569273,5.9177308031,8.3441129227,8.9912140063,2.5990506754,6.8149580916,5.6684993394,3.9213747064,5.8869601763,6.6650973062,3.1298739063,8.2206248084,2.6390538656,12.3610757292,5.7471264368,3.8337787696,20.7006227162,8.3766442707,4.9339073401
2013-14,Drugs,6.2412529843,3.0588911046,3.7433403609,10.7323869081,3.4539271907,9.1416034372,5.4164699318,5.2176096516,5.3350139147,5.1362079937,6.9624949976,11.4055460727,4.6889356306,4.1787880282,3.8375743556,3.4831907282,5.906854619,6.5471305299,6.8318829775,4.2148051777,6.7304816034,5.8005451115,2.9967080498,5.1912628407,6.1851307099,3.4907114676,9.2305939745,2.5623487857,10.8835061746,5.8691407352,3.2977366706,18.7091398821,7.8130668296,4.9050431432
2014-15,Drugs,5.4918454416,2.4138804796,3.1100827549,8.4922777636,2.9476030105,8.3544109757,4.991490267,4.5510613297,4.0607072655,4.2094998474,4.6513395402,9.4525271214,4.2087007225,3.5730109629,2.9271386407,3.3585021695,5.6670984456,5.4607971769,4.8018439081,4.5834853317,8.3119642004,4.4393747881,2.8744809965,5.5161228655,5.060483527,2.2367435493,9.2715625806,2.3721319915,7.7214231643,5.398850832,2.7711480242,11.4963222056,6.5466014657,4.195577941
2015-16,Drugs,5.7926814174,2.228127609,2.9032551148,5.7467007395,2.6442403888,6.3801807856,3.8598425986,4.1596343486,4.0708454997,3.3551307664,5.2451776706,8.2548352935,5.7684414214,2.2376886659,3.0752554349,3.8087561086,3.7690218402,7.1587934578,7.9512526076,5.0828410892,8.7198818855,6.0607079795,2.3024466551,4.8675398192,4.1948428703,1.8692548657,6.8565656958,2.4532214145,6.3847227303,5.1775638898,2.365328857,8.8568256576,6.3455161175,3.6357659245
2016-17,Drugs,4.5238787174,1.8959653753,2.0101323746,5.212426962,1.713119744,4.9232069087,3.1362475935,3.2634412988,2.2963532944,2.444900381,3.6778953372,5.6386164516,4.1982251815,1.4673248858,2.2272067346,2.2679860218,3.3709647081,6.09795375,9.6920740656,3.3615926681,6.4926351743,3.8692536779,1.8046227607,4.1556933292,2.6065250009,1.48586134,4.7538016046,1.844525764,3.84774351,2.733438949,2.2714618344,7.2209164264,4.8793742523,2.6397030662
1999-00,Other Notifiable Offences,1.0280465884,0.8708995148,0.8461404041,1.3598804534,0.7256647971,2.0631253191,0.9064463089,1.3035480328,1.1109848165,1.4045473398,2.2552954236,2.3282742134,1.638001638,0.9282907426,0.731020061,1.0650757183,1.3952533388,2.4357347326,1.7673587129,1.0547728471,1.690297095,1.1665534737,0.9780505993,1.5924030318,0.911236342,0.8912965471,1.8680427511,0.7303135889,1.9120755322,1.1535486323,1.2224661267,5.2950595298,2.016202327,1.0215307245
2000-01,Other Notifiable Offences,1.0494651999,0.9405163023,0.8961351884,1.253090264,0.8397755632,1.7688378684,0.7030854982,1.241909518,0.992481859,1.1705014969,1.7504093303,1.8978910294,1.6648092975,1.0042369234,0.7284324046,0.9149651703,1.0850785401,1.9285698221,1.8880002069,1.0860121633,1.5628008947,1.1939422306,0.8289230377,1.6662389036,1.0297330198,0.925283368,1.6341808916,0.6039283043,2.1609776141,1.116152122,0.9600478156,4.1073300828,1.8007457533,0.9686889845
2001-02,Other Notifiable Offences,1.0986755527,0.8012996078,0.8594010706,1.2091091165,0.7933346387,2.0832613407,0.8832867817,1.3147788958,1.2226526152,1.2646003863,1.6743387086,2.0192001134,1.8395397083,0.9236160043,0.9033584464,0.9812064361,1.4955365411,2.5977356219,1.7016134501,1.0332449931,1.7924293637,1.1834738299,0.9732818436,1.8603830625,1.116196004,1.2334276093,1.6555517467,0.5180176457,2.1632105028,1.1665878432,1.1003083807,4.5443591421,1.9577704918,1.0396528993
2002-03,Other Notifiable Offences,1.5568927066,0.7923831391,0.7712563264,1.1338750736,0.8662882414,1.9169297747,0.9629861515,1.3904967631,1.0899570785,1.3680940599,1.7586188916,2.1687433499,2.0492351007,0.8995177455,0.8931189848,1.0442680612,1.5445760024,2.4928102688,1.7701599858,1.1026316141,1.9337755136,1.2694057447,1.054780359,1.680494512,1.2526967778,1.1399843822,1.7169458655,0.816484153,2.019021306,0.9831259831,1.2112746756,5.2426717924,2.0391411324,1.0771893562
2003-04,Other Notifiable Offences,1.5041212923,1.1373453241,0.8862991782,1.2559489869,0.8242137169,2.2961606627,1.0627562002,1.4897373648,0.8125321553,1.3820590897,1.8926108142,2.1748003032,1.7197936248,0.8843015421,0.7147677227,1.0159078265,1.6674518933,2.6921099619,1.7426241015,1.2827107955,2.1565421848,1.5162580973,1.2308635062,1.7523729237,1.2691381178,1.0046167218,2.0882143221,0.6509734259,2.185467599,1.2002766437,1.3582441083,5.123004232,2.1631408391,1.1153729304
2004-05,Other Notifiable Offences,1.4793792645,0.9174510307,0.8102590566,1.6993683269,0.7668840626,1.5674661548,0.952143658,1.4964218103,1.2189201926,1.8486729169,1.4561220333,1.6213106466,2.0399872832,0.7675697171,0.6821131333,0.9369056379,1.2714181553,1.8802085926,1.2367874897,0.7811724206,1.8887049609,1.4418411202,0.8469731298,1.4502778717,0.9084550636,0.4740340858,1.8386282978,0.7509911979,1.7806908702,1.1466564742,1.1198248479,4.600176177,1.824815015,1.0558317825
2005-06,Other Notifiable Offences,1.3591941061,0.6594594265,0.8723374597,1.1847685272,0.5777817855,1.5017433487,0.8051862251,1.4579216943,0.9761955762,1.1627200708,1.6257759385,1.3964868546,1.8711481173,0.6467398432,0.6784439843,0.8710177783,1.0993135993,1.629632052,1.0809205642,0.616437907,1.9234925438,1.2630918291,0.9287292151,1.312067077,0.9619971379,0.5013553122,2.238255841,0.6864247157,2.0526567377,1.2965992935,1.0592135692,3.9617804708,1.7645976663,0.918464669
2006-07,Other Notifiable Offences,1.4537231465,0.8524762622,0.9539591544,1.3815351677,0.7675362088,2.4403881876,0.7901330302,1.5127057771,0.8767382554,1.2137270824,1.5440999487,1.4426792615,1.3895202724,0.8585533376,0.74496709,1.3994425816,1.2449260496,1.6947048569,1.4039759146,0.8915381962,2.2564914232,1.5001395479,1.2050696032,1.6124405994,0.8216283892,0.4657023888,2.100518402,1.0115812382,2.7426739927,1.5125839181,0.9390063226,3.9402411715,1.9139236103,1.0487928466
2007-08,Other Notifiable Offences,1.4376061196,0.8840122209,0.7434613244,1.1508332951,0.7203634862,1.9147125567,1.0260762901,1.2960074811,0.9158451501,1.5980721669,1.817533856,1.5243211388,1.1951366806,0.6096618144,0.6353654875,1.0934660539,1.1950962502,1.6698827371,1.3874990024,1.0874842218,2.2774806642,1.6042084629,1.1325028313,1.5622359502,0.7539476468,0.586555276,2.3402023285,0.7655803751,2.1842300367,1.3493730507,0.9435904474,3.6533571451,1.8480488748,0.9983466693
2008-09,Other Notifiable Offences,1.7048222114,0.9905309954,0.7500485326,1.0381538737,0.7968049107,2.3826168838,1.2109656807,1.3147255433,0.9010129672,1.6475632748,1.822187404,1.4851373329,1.1985649945,0.9060535704,0.8412678554,1.3139195023,1.6434993506,2.2437515943,1.7406922173,0.9293263345,2.1755220907,1.9173908476,1.148785606,1.7108051997,0.8852824616,0.8145325731,2.4153978908,0.8393414398,1.9491748349,1.2391676098,1.0635225361,3.923666845,1.9802436833,1.0994566732
2009-10,Other Notifiable Offences,1.9822052033,0.8906135691,0.7714358349,1.2545367942,1.0523777873,1.9537487554,1.2813135164,1.4243891795,1.1259359342,2.0108998982,1.7242690874,1.9376401874,1.0448149557,0.9978800403,0.8627796025,1.2271093294,1.4792534701,2.0894338702,1.5133452342,1.0171193907,1.8772317633,2.1263377438,0.8479024508,1.4243472614,0.8689703626,0.6616267341,2.7461582242,0.7387055116,1.7547142352,1.3943741436,1.1491680224,3.9358466218,1.9196699329,1.159685296
2010-11,Other Notifiable Offences,1.8322230609,0.7881902355,0.6761706204,1.4305165937,0.7940108893,1.792991035,1.2431869166,1.4876987964,1.348944248,1.6374297169,1.4106122719,2.0459848929,0.9614547641,0.9433525233,0.9185807293,1.3916464105,1.5286716205,1.6939074297,1.4832079669,0.9328828602,1.4883252142,2.1282451151,0.6226900209,1.5776930251,0.8506368871,0.7729302645,2.2341486449,0.633844106,1.7061001127,1.2007448555,1.0078646487,3.9136780747,1.7688716335,1.1237043654
2011-12,Other Notifiable Offences,1.8392869555,0.7188047145,0.6959540155,1.4603916796,0.660110641,1.6266294693,1.2143141044,1.6975426891,1.1371780783,1.4404089509,1.2622278321,2.0883005837,0.9939735462,0.8856585682,0.9624800884,1.1216011673,1.6122262452,1.7887873573,1.0742428168,0.8227579845,1.4122391873,1.4479775257,0.5485107932,1.3109579334,1.0447946836,0.6185775915,1.7837536411,0.502294334,1.7303876381,1.0086932418,1.030190764,3.6022989134,1.5883486543,1.0758960007
2012-13,Other Notifiable Offences,1.3853904282,0.8077899526,0.8793235185,1.3633763427,0.8120088143,2.0714609579,1.2985041449,1.3414702161,1.0085506182,1.3458018672,1.4278971438,2.0183486239,1.0814485231,0.9035510795,1.0303128898,1.1641278269,1.2468539135,1.9616483532,1.3211056243,0.6833184874,1.3539651838,1.2253335038,0.8060328842,1.4804956636,0.9556702516,0.8406249174,1.7102170136,0.9141145484,3.0455926358,1.1920812291,0.9925011028,3.2833313976,1.7239138171,1.0683994632
2013-14,Other Notifiable Offences,1.5590269202,0.8724206693,0.9928724434,1.4435927177,0.8587633179,1.9676213113,1.0730995407,1.2671754834,1.1574796271,1.609799703,1.5385870642,2.3113299941,1.1731830849,0.9820357313,1.040978189,1.1784969631,1.2232905372,1.8129801963,1.5039140327,0.6654955544,1.5338497082,1.2404780208,0.7873124597,1.4800755436,1.2071932064,0.7733911635,1.5144204996,0.6941821411,1.8322400967,1.3431302836,1.0981720749,4.0204372225,1.7113194729,1.1082252514
2014-15,Other Notifiable Offences,1.6541095545,1.0002267181,1.0797740396,1.5463178307,1.126750042,1.9076330872,1.4519731943,1.4673299856,1.3771897934,1.682311168,1.7100513015,2.6070137078,1.4988356925,0.947112121,1.3659980323,1.3017185418,1.4158332329,2.0811654527,1.6518343044,0.9472928606,1.9012243256,1.4318353869,0.9041102621,1.8068462824,1.4127040999,1.0021437611,1.7716782685,0.7822988483,2.0210200165,1.380493993,1.4128049464,3.6992267202,1.9156834248,1.2776505075
2015-16,Other Notifiable Offences,1.7328534155,1.129866128,1.5858463216,1.3518017851,1.2620937828,1.928988339,1.8309848007,1.6382021751,1.3670977033,1.943210227,1.7620228319,2.4914999164,1.8983816114,0.9023590823,1.5416424112,1.3166070499,1.6854559661,2.257435483,1.9592799488,1.2159631177,2.0343308747,1.5673085008,1.0363454159,1.8809135351,1.3679567914,1.2478816823,1.5377094927,0.9992755252,2.177918682,1.6373492643,1.5705274938,3.2067817036,1.9780775552,1.4260845827
2016-17,Other Notifiable Offences,1.5354063741,1.02309607,1.0867788854,1.4409573075,1.0615224128,1.7832407863,1.6635975559,1.4889450926,1.3729839014,1.604912677,1.6415258513,2.2654658399,1.6089006683,0.9447160224,1.2382161775,1.2728492979,1.626472031,1.8766237949,1.9077881143,0.829041435,1.7382818456,1.4145302401,1.0096132742,1.636469215,1.1294941671,0.8118623817,1.3217420177,1.0088022945,1.9386329194,1.3050902144,1.1325673213,2.6008222475,1.7116485604,1.2621359593
1999-00,Mid-year estimates,162444,313469,217458,260317,294902,190003,332066,302252,272731,212168,199087,160634,218559,207909,225712,245053,214298,175717,147678,146003,266817,250310,185062,240517,238138,172782,247853,179375,193507,221057,264220,189233,2750716,4403196
2000-01,Mid-year estimates,163893,315784,218717,264945,295317,196174,334241,304370,275068,214438,203381,164393,219845,209114,225141,245911,214731,177852,154661,147328,270028,252106,188196,245463,239868,172920,252726,180485,197133,221296,267695,196478,2804949,4431763
2001-02,Mid-year estimates,165654,319481,218757,269620,296218,202567,335112,307276,277266,217460,207246,169374,221251,210044,224717,245616,215976,179387,162199,149045,273372,254336,191106,249411,241893,174311,256712,181461,201090,222015,271742,203329,2859375,4463028
2002-03,Mid-year estimates,166357,320552,219123,269871,296668,203972,335415,309242,280745,221476,210961,171989,224474,212336,225054,247063,216888,180118,163827,149642,273041,253662,190561,255282,244273,175441,256269,181265,207031,223776,274917,208100,2890923,4485748
2003-04,Mid-year estimates,166210,321802,220016,268323,297253,204254,335919,308108,281835,224303,212405,171510,225027,213728,225248,248054,216498,180899,165268,149683,272195,251936,189298,256224,247412,177182,255242,181267,208651,224115,276828,211009,2898563,4496254
2004-05,Mid-year estimates,165610,323723,220917,268335,297307,207341,337134,310073,282217,227190,213581,172083,226472,216267,225769,248691,219440,180831,165752,151055,274262,252455,188908,254434,248774,179312,257257,181094,211154,225002,278615,214557,2915912,4516818
2005-06,Mid-year estimates,166275,327541,222391,270939,299421,211088,339052,312774,284779,230494,216512,173292,229271,221109,226990,251430,223776,183477,168375,152489,277620,254930,190583,253798,251560,181508,261811,182103,213382,226747,283229,223132,2957048,4561961
2006-07,Mid-year estimates,167157,330801,223280,276504,300963,211032,340449,315329,287429,233990,220193,174675,233174,223632,228198,254387,228126,185283,165245,153667,280524,257976,192520,257994,255590,182520,267553,182882,218400,230731,287538,222829,2989670,4608155
2007-08,Mid-year estimates,169031,334837,224625,283273,302625,211520,344029,318671,291534,236535,224480,176472,236793,226355,229789,256981,233454,188636,162883,154485,284964,261188,194260,266285,259965,182421,272626,184174,225251,235665,291440,220619,3030764,4662709
2008-09,Mid-year estimates,172452,339212,226652,290901,304968,210273,349308,324022,297443,239748,231041,177088,244459,229567,231793,261051,237907,192089,162579,156027,289126,266508,195859,276478,265452,182927,276973,185860,231893,242098,294305,218673,3078914,4733247
2009-10,Mid-year estimates,177580,345829,228146,298118,306924,212924,352763,329966,301971,243672,236622,180116,249805,233495,234127,265665,243366,196704,161893,157307,294050,270418,198136,286447,270435,184394,281120,188167,240495,248140,299347,216980,3134393,4808201
2010-11,Mid-year estimates,182838,351438,230711,304785,308560,214725,357951,334073,307648,249171,241739,180842,252742,237451,236234,269465,249236,200129,160463,158648,297650,272525,199136,299171,275088,186304,283777,189321,248520,254009,302620,217187,3179428,4882067
2011-12,Mid-year estimates,187029,357538,232774,312245,310554,220087,364815,339314,313935,255483,247182,182445,255540,240499,237927,275499,254927,206285,158251,160436,304481,276938,200543,310460,281395,187527,288717,191123,256012,259742,307710,219582,3241102,4963305
2012-13,Mid-year estimates,190560,363956,234271,314660,314036,224962,368886,340671,317287,260068,252119,179850,258912,242377,239733,281756,259052,211047,155930,163906,310200,281556,202225,314084,284617,189145,293530,193630,263003,262566,308312,223858,3284967,5023402
2013-14,Mid-year estimates,194352,369088,236687,317264,317899,229719,372752,342494,320524,264008,257379,178685,263386,243372,242080,286806,262407,215667,155594,166793,314242,286180,203223,318227,288272,191365,298464,195914,272890,265797,310516,226841,3335438,5081097
2014-15,Mid-year estimates,198294,374915,239865,320762,321278,234846,376040,342118,324574,268678,263150,178365,267541,246011,245974,292690,265568,221030,156190,169958,318216,291933,203515,324322,293055,193585,302538,198134,284015,268020,312145,233292,3395655,5143034
2015-16,Mid-year estimates,201979,379691,242142,324012,324857,241059,379031,343059,328433,274803,269009,179410,272864,247130,249085,297735,268770,227692,157711,173525,324431,297325,204565,332817,296793,194730,308901,200145,295236,271170,314544,242299,3472058,5201655
2016-17,Mid-year estimates,206460,386083,244760,328254,326889,246181,382304,343196,331395,279766,273526,179654,278451,248752,252783,302471,271139,232865,156726,176107,327910,301867,205029,340978,299249,195846,313223,202220,304854,275843,316096,247614,3529346,5258546